id,category,muscle_group,difficulty,demonstration_url,description,created_at,name_en,name_es,equipment,type,is_compound,movement_pattern,notes,slug,instructions
e2d4aa33-f880-4781-b665-442fa52da3c0,arms,biceps,beginner,,"The barbell curl is the gold-standard bicep mass exercise. Standing with a barbell held at arm's length, you curl the bar up to shoulder height while keeping the elbows stationary. It primarily targets the biceps brachii.",2026-04-24T22:58:47.864633+00:00,Barbell Curl,Curl con barra,barbell,gym,True,elbow_flexion,,barbell-curl,"Stand with feet shoulder-width apart and hold the barbell with an underhand grip, hands shoulder-width apart. Keep elbows close to your sides. Curl the barbell up toward your chest, exhaling as you lift. Pause at the top and squeeze your biceps. Lower back to starting position, inhaling as you lower. Repeat for desired reps."
52980e6e-3247-4d7d-b72d-2442888a3461,arms,biceps,beginner,,"The cable curl is a bicep isolation exercise that provides constant tension on the muscle throughout the full range of motion, unlike free weights which lose tension at the top.",2026-04-24T22:58:47.864633+00:00,Cable Curl,Curl en polea,cable,gym,True,elbow_flexion,,cable-curl,"Attach a straight bar or rope to a low cable pulley. Stand facing the machine with feet shoulder-width apart. Grip the handle with an underhand grip. Keep elbows close to your sides and curl the handles up toward your shoulders. Hold for a second at the top, then slowly lower back down. Repeat for desired reps."
079cd9b5-e86b-4695-9a21-b2c448838307,arms,biceps,beginner,,The concentration curl is a strict bicep isolation exercise performed seated with the upper arm braced against the inner thigh. It eliminates body english and targets the bicep peak with high precision.,2026-04-24T22:58:47.864633+00:00,Concentration Curl,Curl concentrado,dumbbells,gym,True,elbow_flexion,,concentration-curl,"Sit on a bench with feet flat on the floor and knees slightly apart. Hold a dumbbell in one hand and place your elbow on the inside of your thigh just above the knee with arm fully extended, palm facing up. Curl the weight up toward your shoulder, keeping your elbow stationary. Pause and squeeze at the top. Slowly lower back down. Complete reps then switch arms."
ed06e458-b855-4e2c-b947-5499be910b27,arms,biceps,beginner,,"The dumbbell curl is a foundational bicep exercise that allows independent arm movement, helping to correct strength imbalances between sides. It targets the biceps brachii and brachialis.",2026-04-24T22:58:47.864633+00:00,Dumbbell Curl,Curl con mancuernas,dumbbells,gym,True,elbow_flexion,,dumbbell-curl,"Stand with feet shoulder-width apart, holding a dumbbell in each hand with arms fully extended and palms facing forward. Keep elbows close to your sides. Curl the dumbbells up toward your shoulders. Squeeze at the top. Lower back to starting position with control. Repeat for desired reps."
823bc836-d910-49a4-97de-a766be95f41c,arms,biceps,intermediate,,"The incline dumbbell curl is performed on an incline bench, which pre-stretches the bicep at the bottom for a greater range of motion and increased long head activation.",2026-04-24T22:58:47.864633+00:00,Incline Dumbbell Curl,Curl inclinado con mancuernas,dumbbells,gym,True,elbow_flexion,,incline-dumbbell-curl,"Set an adjustable bench to a 45-60 degree incline. Sit back with a dumbbell in each hand, arms hanging straight down. Curl both dumbbells up toward your shoulders simultaneously. Squeeze the biceps at the top. Lower slowly back to the starting position. Repeat for desired reps."
1264f9db-04db-4d6b-929c-a349a85027c5,arms,biceps,beginner,,"The preacher curl uses a preacher bench pad to brace the upper arm, eliminating body sway and forcing the biceps to do all the work. It provides excellent isolation with emphasis on the lower portion of the bicep.",2026-04-24T22:58:47.864633+00:00,Preacher Curl,Curl predicador,machine,gym,True,elbow_flexion,,preacher-curl,Sit at a preacher bench and place the back of your upper arms flat on the pad. Grip the barbell or dumbbells with an underhand grip. Start with arms nearly fully extended. Curl the weight up toward your shoulders. Squeeze the biceps at the top. Lower slowly and with control back to near full extension. Repeat for desired reps.
d6684efe-ea4e-4846-9343-0c25084cf804,arms,biceps/forearms,beginner,,"The hammer curl uses a neutral (palms-facing) grip to target the brachialis and brachioradialis in addition to the biceps, helping build overall arm thickness and forearm development.",2026-04-24T22:58:47.864633+00:00,Hammer Curl,Curl martillo,dumbbells,gym,True,elbow_flexion,,hammer-curl,"Stand with feet shoulder-width apart, holding a dumbbell in each hand with palms facing each other (neutral grip). Keep elbows close to your sides. Curl the dumbbells up toward your shoulders without rotating your wrists. Pause at the top. Lower slowly back to starting position. Repeat for desired reps."
bd1c6f1d-bd52-421c-8677-b50019dae1a0,arms,triceps,beginner,,The bench dip is a bodyweight triceps exercise performed using a bench or chair. It targets the triceps with assistance from the anterior deltoid and chest.,2026-04-24T22:58:47.864633+00:00,Bench Dip,Fondos en banco,bodyweight,calisthenics,True,vertical_push,,bench-dip,Sit on the edge of a bench or chair and place your hands next to your hips with fingers facing forward. Slide your hips off the bench and extend your legs in front of you. Bend your elbows to lower your body toward the floor until your arms are at about 90 degrees. Push back up to the starting position by straightening your arms. Repeat for desired reps.
4290018b-0ff9-4af6-b5a5-2295b4c247f2,arms,triceps,beginner,,The cable triceps kickback isolates the triceps using a low cable pulley. The cable provides constant tension throughout the movement unlike dumbbell kickbacks.,2026-04-24T22:58:47.864633+00:00,Cable Triceps Kickback,Patada de tríceps en polea,cable,gym,True,elbow_extension,,cable-triceps-kickback,"Set a cable pulley to the lowest position with a single handle attachment. Stand facing the machine and hinge forward at the hips. Hold the handle with one hand and brace your upper arm against your torso, elbow bent at 90 degrees. Extend your arm back fully, squeezing the tricep at the top. Return to starting position with control. Complete reps then switch arms."
0b391754-113d-4628-ae7d-4bf3b1e1a2ce,arms,triceps,beginner,,"The overhead triceps extension stretches the triceps long head fully by placing the arm overhead, providing a unique stimulus compared to pushdown variations. Can be performed with dumbbells, cable, or barbell.",2026-04-24T22:58:47.864633+00:00,Overhead Triceps Extension,Extensión de tríceps por encima de la cabeza,dumbbell,gym,True,elbow_extension,,overhead-triceps-extension,Hold a dumbbell with both hands and raise it overhead with arms fully extended. Keep your elbows pointing forward and close to your head. Lower the dumbbell behind your head by bending at the elbows until your forearms are parallel to the floor. Press back up to the starting position. Repeat for desired reps.
48b6c878-e8be-4deb-a470-a846b152fabc,arms,triceps,intermediate,,The skull crusher is a lying barbell or dumbbell tricep extension that heavily loads all three heads of the triceps with excellent range of motion. Performed on a flat bench.,2026-04-24T22:58:47.864633+00:00,Skull Crusher,Rompecráneos,barbell,gym,True,elbow_extension,,skull-crusher,"Lie on a flat bench holding a barbell or EZ bar with an overhand grip, arms extended directly above your chest. Keep your upper arms stationary and perpendicular to the floor. Bend at the elbows to lower the bar toward your forehead or just above it. Press back up to the starting position. Repeat for desired reps."
71086048-d0d4-48a7-8d65-1838b88582fa,arms,triceps,beginner,,"The cable triceps pushdown is one of the most common tricep exercises, performed at a cable machine. It effectively isolates all three heads of the triceps through constant tension.",2026-04-24T22:58:47.864633+00:00,Triceps Pushdown,Extensión de tríceps en polea,cable,gym,True,elbow_extension,,triceps-pushdown,Attach a straight bar or rope to a high cable pulley. Stand facing the machine with feet shoulder-width apart. Grip the bar with an overhand grip at about chest height. Keep your elbows pinned to your sides. Push the bar down until your arms are fully extended. Squeeze the triceps. Slowly return to starting position. Repeat for desired reps.
52550888-0db4-44dd-a103-70eec66d0b4c,arms,triceps/chest,beginner,,"Assisted dips use a machine or band to offset body weight, allowing beginners to build tricep and chest strength before progressing to unassisted dips.",2026-04-24T22:58:47.864633+00:00,Assisted Dips,Fondos asistidos,machine,gym,True,vertical_push,,assisted-dips,Set the assistance weight on the machine. Kneel or stand on the pad as directed by the machine design. Grip the parallel bars with arms fully extended. Lower your body by bending at the elbows until your upper arms are parallel to the floor. Press back up to the starting position. Repeat for desired reps.
bae18bab-029d-40cb-84a1-3e4617c8c8e7,arms,triceps/chest,intermediate,,The close-grip bench press is a barbell compound pressing exercise that shifts emphasis from the chest to the triceps by narrowing the grip. It also recruits the anterior deltoid.,2026-04-24T22:58:47.864633+00:00,Close-Grip Bench Press,Press de banca agarre cerrado,barbell,gym,True,horizontal_push,,close-grip-bench-press,Lie on a flat bench and grip the barbell with hands shoulder-width apart or slightly closer. Unrack the bar and hold it above your chest with arms extended. Lower the bar to your lower chest while keeping elbows close to your torso. Press back up to the starting position. Repeat for desired reps.
e7fd15e0-897f-4789-8c06-568b3edc79fe,arms,triceps/chest,intermediate,,"Dips are a fundamental bodyweight compound movement targeting the triceps, chest, and anterior deltoids. Performed on parallel bars, they allow full depth loading of the triceps.",2026-04-24T22:58:47.864633+00:00,Dips,Fondos,bodyweight,calisthenics,True,vertical_push,,dips,Grip parallel bars and push up to the starting position with arms fully extended. Cross your feet behind you if desired. Lean slightly forward and lower your body by bending at the elbows. Continue until your upper arms are parallel to the floor. Press back up to the starting position. Repeat for desired reps.
a638420e-e118-44e8-a7d6-313c0380cdc1,back,back,beginner,,"The Australian pull-up (also called inverted row) is a horizontal pulling exercise performed with a low bar or table. It targets the lats, rhomboids, and biceps and is an excellent bodyweight row progression.",2026-04-24T22:58:47.864633+00:00,Australian Pull-Up,Dominada australiana,bodyweight,calisthenics,True,horizontal_pull,,australian-pull-up,"Set a bar or table at hip height. Lie underneath it and grip the bar with an overhand grip, hands shoulder-width apart. Straighten your body with only heels touching the floor. Pull your chest up to the bar by squeezing your shoulder blades together. Lower with control to the starting position. Repeat for desired reps."
80f1072c-03de-4fb6-b406-0e74aa613e34,back,back,beginner,,"The inverted row is a bodyweight horizontal pulling exercise performed under a bar, table, or using a towel. It trains the mid-back, rhomboids, and rear delts with scapular retraction.",2026-04-24T22:58:47.864633+00:00,Inverted Row,Remo invertido,bodyweight,calisthenics,True,horizontal_pull,,inverted-row,"Position yourself under a bar set at hip height. Grip the bar with an overhand grip, hands shoulder-width apart. Extend your body in a plank position with heels on the floor. Pull your chest up to the bar by driving your elbows back and squeezing your shoulder blades. Lower with control. Repeat for desired reps."
556b4d2a-19ab-4545-89e1-bef19a592341,back,lats,beginner,,"The assisted pull-up machine uses a counterbalanced weight to reduce effective body weight, allowing users to build lat and bicep strength before performing unassisted pull-ups.",2026-04-24T22:58:47.864633+00:00,Assisted Pull-Up Machine,Dominada asistida en máquina,machine,gym,True,vertical_pull,,assisted-pull-up-machine,Set the assistance weight on the machine. Kneel or stand on the platform and grip the overhead handles slightly wider than shoulder-width with an overhand grip. Pull yourself up until your chin clears the bar by driving your elbows down and back. Lower with control to the starting position. Repeat for desired reps.
f9e315f9-0147-41dd-8bc6-3431874392d0,back,lats,intermediate,,"The chin-up is a bodyweight vertical pulling exercise using a supinated (underhand) grip that emphasizes the biceps alongside the lats, making it a bicep and back compound movement.",2026-04-24T22:58:47.864633+00:00,Chin-Up,Dominada supina,bodyweight,calisthenics,True,vertical_pull,,chin-up,Grip an overhead bar with hands shoulder-width apart using an underhand (supinated) grip. Hang with arms fully extended. Pull yourself up until your chin is above the bar by driving your elbows toward your hips. Lower with control back to a full hang. Repeat for desired reps.
314024d7-5197-43d5-a4bc-a0f3c70e9572,back,lats,beginner,,"The single-arm dumbbell row is a unilateral back exercise that targets the latissimus dorsi, rhomboids, and rear delts. Supporting yourself on a bench allows heavy loading with good form.",2026-04-24T22:58:47.864633+00:00,Dumbbell Row,Remo con mancuerna,dumbbells,gym,True,horizontal_pull,,dumbbell-row,Place one knee and hand on a bench for support. Hold a dumbbell in the opposite hand with arm hanging straight down. Pull the dumbbell up toward your hip by driving your elbow back. Squeeze your lat at the top. Lower with control back to the starting position. Complete reps then switch sides.
64d3961f-5188-49c0-892b-3ef924bd2bc6,back,lats,beginner,,"The lat pulldown is a cable machine exercise that mimics the pull-up motion. It targets the latissimus dorsi with adjustable resistance, making it accessible for all fitness levels.",2026-04-24T22:58:47.864633+00:00,Lat Pulldown,Jalón al pecho,machine,gym,True,vertical_pull,,lat-pulldown,Sit at the lat pulldown machine and secure your thighs under the pad. Grip the bar slightly wider than shoulder-width with an overhand grip. Pull the bar down to your upper chest by driving your elbows toward your hips. Squeeze your lats at the bottom. Slowly raise the bar back to the starting position. Repeat for desired reps.
e55234c3-375e-4828-930b-7fee64c31c7a,back,lats,intermediate,,"The pull-up is one of the most demanding bodyweight upper body exercises. It targets the latissimus dorsi, rhomboids, and biceps using an overhand grip and full range of motion.",2026-04-24T22:58:47.864633+00:00,Pull-Up,Dominada,bodyweight,calisthenics,True,vertical_pull,,pull-up,Grip an overhead bar slightly wider than shoulder-width with an overhand (pronated) grip. Hang with arms fully extended. Pull yourself up until your chin is above the bar by driving your elbows down and back. Lower with control to a full hang. Repeat for desired reps.
c5dd5072-e786-4b0b-897f-cf71d0751663,back,lats,beginner,,"The single-arm cable row allows unilateral back training, helping to correct muscle imbalances between sides. It targets the lat, rhomboid, and rear delt with rotation and full range of motion.",2026-04-24T22:58:47.864633+00:00,Single-Arm Cable Row,Remo unilateral en polea,cable,gym,True,horizontal_pull,,single-arm-cable-row,Set a cable pulley to mid height. Stand facing the machine and grip the single handle with one hand. Step back to create tension. Pull the handle toward your hip by driving your elbow back. Rotate your torso slightly at the end range. Squeeze your lat. Return to starting position with control. Complete reps then switch sides.
c8017401-cd28-454a-9578-ffe902da07fc,back,lats,intermediate,,"The straight-arm pulldown isolates the lats by keeping the elbows straight, removing bicep involvement. It provides a strong lat contraction at the bottom of each rep.",2026-04-24T22:58:47.864633+00:00,Straight-Arm Pulldown,Jalón de brazos rectos,cable,gym,True,shoulder_extension,,straight-arm-pulldown,Attach a rope or straight bar to a high cable pulley. Stand facing the machine and grip the attachment with arms extended overhead. Keep a slight bend in the elbows. Pull the bar down and back toward your thighs in a sweeping arc. Squeeze the lats at the bottom. Return to starting position with control. Repeat for desired reps.
88042988-0880-4e6c-b5c0-ac646ca44a0b,back,lats,beginner,,The wide-grip lat pulldown uses a wider-than-shoulder hand position to increase the stretch on the lat at the top and emphasize the outer lats for a wider back appearance.,2026-04-24T22:58:47.864633+00:00,Wide-Grip Lat Pulldown,Jalón al pecho agarre amplio,machine,gym,True,vertical_pull,,wide-grip-lat-pulldown,Sit at the lat pulldown machine and grip the bar wider than shoulder-width with an overhand grip. Secure thighs under the pad. Pull the bar down to your upper chest by driving your elbows toward the floor. Squeeze your lats at the bottom. Slowly return to the starting position. Repeat for desired reps.
ac5e5dda-0f35-4ed9-ab38-0cb7a9be3317,back,lower back,advanced,,"The good morning is a hinge movement that strengthens the hamstrings, glutes, and lower back erectors under load. Performed with a barbell on the upper back, it is a key accessory for deadlift and squat strength.",2026-04-24T22:58:47.864633+00:00,Good Morning,Buenos días,barbell,gym,True,hip_hinge,,good-morning,"Place a barbell on your upper back as in a squat. Stand with feet shoulder-width apart, knees slightly bent. Hinge forward at the hips, pushing them back while keeping your back flat and chest up. Lower your torso until it is nearly parallel to the floor. Drive your hips forward to return to standing. Repeat for desired reps."
cbf72081-31f1-43c6-9615-6d4cb4c88a4a,back,lower back,beginner,,"The hyperextension (back extension) exercise targets the lower back erectors, glutes, and hamstrings. Performed on a hyperextension bench, it strengthens the posterior chain for injury prevention.",2026-04-24T22:58:47.864633+00:00,Hyperextension,Hiperextensión,bodyweight,gym,True,spinal_extension,,hyperextension,Position yourself face down on a hyperextension bench with your hips at the pad edge. Cross your arms over your chest or hold a weight plate. Lower your upper body toward the floor by hinging at the hips. Raise back up until your body forms a straight line. Avoid hyperextending beyond neutral at the top. Repeat for desired reps.
93e7e411-42f7-4a2b-bba0-ad39f47dbf4f,back,middle back,intermediate,,"The barbell row is a fundamental compound back exercise that targets the lats, rhomboids, traps, and rear delts. It is one of the primary mass-building exercises for the back.",2026-04-24T22:58:47.864633+00:00,Barbell Row,Remo con barra,barbell,gym,True,horizontal_pull,,barbell-row,Stand with feet hip-width apart and hinge forward until your torso is roughly parallel to the floor. Grip a barbell slightly wider than shoulder-width with an overhand grip. Pull the bar toward your lower chest or upper abdomen by driving your elbows back. Squeeze your shoulder blades at the top. Lower with control. Repeat for desired reps.
6164ace2-6775-453c-8ca8-8aabefa6b987,back,middle back,beginner,,"The chest-supported row eliminates lower back involvement by lying face-down on an incline bench. It isolates the mid-back, rhomboids, and rear delts with strict form.",2026-04-24T22:58:47.864633+00:00,Chest-Supported Row,Remo con apoyo en pecho,machine,gym,True,horizontal_pull,,chest-supported-row,Set an incline bench to 30-45 degrees. Lie face down with your chest on the pad and a dumbbell in each hand hanging straight down. Pull the dumbbells up toward your hips by driving your elbows back and squeezing your shoulder blades. Lower with control to the starting position. Repeat for desired reps.
ef27c535-8d2f-4441-9dfc-97513ee7bf89,back,middle back,beginner,,"The seated cable row is a horizontal pulling exercise using a cable machine that targets the mid-back, lats, and rhomboids. The seated position and constant cable tension allow excellent muscle engagement.",2026-04-24T22:58:47.864633+00:00,Seated Cable Row,Remo sentado en polea,cable,gym,True,horizontal_pull,,seated-cable-row,Sit at the cable row station with feet on the platform and knees slightly bent. Grip the handle with both hands and sit upright with arms extended. Pull the handle toward your lower abdomen by driving your elbows back and squeezing your shoulder blades. Hold briefly. Extend arms back to the starting position. Repeat for desired reps.
7794bcd3-151d-4709-a9a6-384676cbe1f7,back,middle back,beginner,,"The seated row machine provides a guided horizontal pulling motion that targets the mid-back, rhomboids, and rear delts. The machine path ensures consistent form for beginners.",2026-04-24T22:58:47.864633+00:00,Seated Row Machine,Remo sentado en máquina,machine,gym,True,horizontal_pull,,seated-row-machine,Adjust the seat and chest pad height. Sit with your chest against the pad and grip the handles. Pull the handles toward your torso by squeezing your shoulder blades together. Hold briefly at full contraction. Slowly return to the starting position. Repeat for desired reps.
ecc768f9-789c-4bce-be34-c8e1578e9ea1,back,middle back,intermediate,,"The T-bar row is a compound rowing exercise using a landmine or T-bar apparatus. It allows heavy loading for the mid-back, lats, and rhomboids with a neutral or overhand grip.",2026-04-24T22:58:47.864633+00:00,T-Bar Row,Remo en T,machine,gym,True,horizontal_pull,,t-bar-row,Position yourself over the T-bar with feet straddling the bar. Hinge forward at the hips until torso is roughly 45 degrees. Grip the handles and pull the bar toward your chest by driving your elbows back. Squeeze your shoulder blades at the top. Lower with control. Repeat for desired reps.
915ab619-3a23-4c4f-b369-b97dfc2b2507,back,posterior chain,advanced,,"The deadlift is the king of posterior chain exercises, training the entire back, glutes, hamstrings, and traps simultaneously. It is one of the most effective movements for total body strength.",2026-04-24T22:58:47.864633+00:00,Deadlift,Peso muerto,barbell,gym,True,hip_hinge,,deadlift,"Stand with feet hip-width apart and the bar over your mid-foot. Hinge at the hips and grip the bar just outside your legs. Take a deep breath, brace your core, and engage your lats. Drive through the floor to lift the bar, keeping it close to your body. Lock out hips and knees at the top. Lower with control to the floor. Repeat for desired reps."
80428666-767b-4f90-87ff-c3fe67cf652a,back,rear delts,beginner,,"The face pull is a cable exercise targeting the rear delts, rotator cuff, and upper traps. It is an essential exercise for shoulder health, posture correction, and balanced upper body development.",2026-04-24T22:58:47.864633+00:00,Face Pull,Face pull,cable,gym,True,scapular_retraction,,face-pull,Attach a rope to a high cable pulley. Stand facing the machine and grip each end of the rope with palms facing each other. Pull the rope toward your face with elbows flared high. Squeeze your rear delts and upper traps at the end. Slowly return to the starting position. Repeat for desired reps.
b97bd300-78b4-4a29-853a-526f5336ef13,cardio,calves/conditioning,beginner,,"Jump rope is a high-intensity cardio exercise that improves cardiovascular endurance, coordination, and calf strength. It can be performed with various techniques including basic, skipping, and double-under.",2026-04-24T22:58:47.864633+00:00,Jump Rope,Saltar la cuerda,jump rope,cardio,True,conditioning,,jump-rope,"Hold the rope handles at hip height, one in each hand. Swing the rope overhead and jump with both feet as it passes under you. Land softly on the balls of your feet. Keep a slight bend in the knees and maintain an upright posture. Vary pace and footwork patterns as fitness improves."
4f578c24-0abc-4411-b732-666f519b5810,cardio,conditioning,beginner,,Cycling is a low-impact cardiovascular exercise that strengthens the legs and improves aerobic capacity. It can be performed outdoors or on a stationary bike.,2026-04-24T22:58:47.864633+00:00,Cycling,Ciclismo,bike,cardio,True,locomotion,,cycling,Adjust the seat height so your knee has a slight bend at the bottom of the pedal stroke. Sit upright with a relaxed grip on the handlebars. Pedal at a comfortable cadence and adjust resistance as needed. Maintain steady breathing throughout. Vary intensity with interval or steady-state sessions.
2b4a114f-7622-466f-97f5-a4dec668ae3f,cardio,conditioning,beginner,,The elliptical provides a low-impact full-body cardiovascular workout by combining leg and arm movements in a smooth oval motion. It reduces joint stress compared to running.,2026-04-24T22:58:47.864633+00:00,Elliptical,Elíptica,machine,cardio,True,conditioning,,elliptical,Step onto the elliptical and grip the moving handles. Begin pedaling in a smooth elliptical motion with feet flat on the pads. Push and pull the handles to engage the upper body. Maintain an upright posture. Adjust resistance and incline to increase intensity. Perform for desired duration.
294b1376-70be-41c5-8dc3-6cb3a28c9ee6,cardio,conditioning,beginner,,"Incline walking on a treadmill increases cardiovascular demand and glute/hamstring activation compared to flat walking, making it an effective low-impact fat-burning exercise.",2026-04-24T22:58:47.864633+00:00,Incline Walk,Caminata en inclinación,treadmill,cardio,True,conditioning,,incline-walk,Set the treadmill to an incline between 5-15 percent. Walk at a moderate pace (3-4 mph) without holding the handrails. Maintain upright posture and take natural strides. Breathe steadily throughout. Adjust incline and speed to match your fitness level and goals.
1622d2d6-e6e8-4aa7-a992-31d2fb68282d,cardio,conditioning,beginner,,"Rowing on an ergometer (rowing machine) is a full-body cardiovascular exercise that engages the legs, back, and arms in a coordinated pushing and pulling motion.",2026-04-24T22:58:47.864633+00:00,Rowing,Remo cardio,rowing machine,cardio,True,conditioning,,rowing,"Sit on the rowing machine and strap your feet in. Grip the handle with an overhand grip. Start with knees bent and arms extended (catch position). Drive through your legs first, then lean back slightly, then pull the handle to your lower ribcage. Return in reverse order: arms, lean forward, bend knees. Repeat continuously for desired duration."
d5d7193b-34e2-457f-be8d-e28b5ed57c27,cardio,conditioning,beginner,,"Running is a fundamental cardiovascular exercise that improves aerobic capacity, burns calories, and strengthens the legs. It can be performed outdoors or on a treadmill at varying intensities.",2026-04-24T22:58:47.864633+00:00,Running,Correr,treadmill/outdoor,cardio,True,locomotion,,running,Start with a brisk walking warm-up. Gradually increase to a comfortable jogging pace. Maintain an upright posture with a slight forward lean. Land mid-foot beneath your center of mass. Keep arms relaxed and bent at 90 degrees. Breathe rhythmically. Gradually increase distance and pace over time.
36948c1d-3ab5-487e-a408-14f873254199,cardio,conditioning,intermediate,,"Sprint intervals alternate between maximum effort sprints and rest periods to develop speed, anaerobic capacity, and cardiovascular fitness while burning significant calories.",2026-04-24T22:58:47.864633+00:00,Sprint Intervals,Intervalos de sprint,bodyweight,cardio,True,conditioning,,sprint-intervals,Warm up with 5-10 minutes of jogging. Sprint at maximum effort for 20-40 seconds. Rest or walk for 60-90 seconds. Repeat for 6-10 rounds. Cool down with 5 minutes of light jogging and stretching. Adjust sprint and rest durations to your fitness level.
ba32efe6-1832-48d4-9cb6-9bc6fed95ce4,cardio,conditioning,beginner,,"The stair climber simulates stair climbing to develop cardiovascular fitness and strengthen the glutes, quads, and calves. It provides a lower-impact alternative to running.",2026-04-24T22:58:47.864633+00:00,Stair Climber,Escaladora,machine,cardio,True,conditioning,,stair-climber,Step onto the machine and grip the handrails lightly for balance only. Begin stepping at a comfortable pace. Push through each step with your full foot for maximum glute engagement. Keep an upright posture and avoid leaning heavily on the rails. Adjust speed as fitness improves. Perform for desired duration.
063ef91e-60e6-4d70-8dca-fa2d5ab22d9b,chest,chest,beginner,,The wide push-up places hands wider than shoulder-width to increase chest activation compared to standard push-ups. It targets the pectoralis major with reduced tricep involvement.,2026-04-24T22:58:47.864633+00:00,Wide Push-Up,Flexión abierta,bodyweight,calisthenics,True,horizontal_push,,wide-push-up,Start in a plank position with hands placed wider than shoulder-width apart. Keep your body in a straight line from head to heels. Lower your chest toward the floor by bending your elbows out to the sides. Press back up to the starting position. Repeat for desired reps.
8142c4ea-3356-4615-bfad-1c38ac8fdc28,chest,lower chest,intermediate,,The decline bench press targets the lower portion of the pectoralis major by pressing from a declined angle. It reduces anterior deltoid involvement compared to flat and incline pressing.,2026-04-24T22:58:47.864633+00:00,Decline Bench Press,Press declinado,barbell,gym,True,decline_push,,decline-bench-press,Lie on a decline bench with feet secured and grip the barbell slightly wider than shoulder-width. Unrack the bar and hold it above your lower chest. Lower the bar to your lower chest. Press back up to the starting position. Repeat for desired reps.
09185da1-7580-4477-bb22-a38b728398b9,chest,pectorals,intermediate,,"The barbell bench press is the foundational horizontal pressing exercise for developing the pectoralis major, anterior deltoid, and triceps. It is one of the primary upper body mass builders.",2026-04-24T22:58:47.864633+00:00,Barbell Bench Press,Press de banca con barra,barbell,gym,True,horizontal_push,,barbell-bench-press,Lie on a flat bench and grip the barbell slightly wider than shoulder-width. Unrack the bar and hold it above your chest. Lower the bar to your mid-chest with elbows at about 45 degrees. Press back up to the starting position explosively. Repeat for desired reps.
770be561-6405-492d-9935-88b9f902644b,chest,pectorals,intermediate,,"The cable chest fly uses pulleys set at mid-height to provide constant tension throughout the fly motion, making it superior to dumbbell flys for continuous chest loading.",2026-04-24T22:58:47.864633+00:00,Cable Chest Fly,Aperturas en polea,cable,gym,True,horizontal_adduction,,cable-chest-fly,"Set dual cable pulleys to chest height. Stand in the middle and grip each handle with one hand, stepping forward slightly. With a slight bend in the elbows, bring both handles forward and together in a hugging motion. Squeeze your chest at the top. Slowly open your arms back to the starting position. Repeat for desired reps."
0a0c16c1-6956-4f97-8c65-92b1093e7a54,chest,pectorals,beginner,,"The dumbbell chest fly is an isolation exercise for the pectoralis major. The wide arcing motion stretches the chest more than pressing movements, promoting muscle length development.",2026-04-24T22:58:47.864633+00:00,Chest Fly,Aperturas de pecho,machine,gym,True,horizontal_adduction,,chest-fly,"Lie on a flat bench holding a dumbbell in each hand with arms extended above your chest, palms facing each other. With a slight bend in the elbows, lower the dumbbells out to your sides in a wide arc until you feel a stretch in your chest. Bring the dumbbells back together above your chest in the same arc. Repeat for desired reps."
6ff2df01-13bf-4d87-b29b-65b5a0bd8195,chest,pectorals,beginner,,"The chest press machine provides a guided pressing motion that targets the pectoralis major, anterior deltoids, and triceps. The machine path makes it suitable for beginners.",2026-04-24T22:58:47.864633+00:00,Chest Press Machine,Press de pecho en máquina,machine,gym,True,horizontal_push,,chest-press-machine,Adjust the seat so the handles are at chest height. Sit with your back flat against the pad. Grip the handles and press forward until arms are nearly fully extended. Squeeze your chest at the end. Slowly return to the starting position. Repeat for desired reps.
4d6b86c6-47b5-4d7e-bec7-2339e9959f15,chest,pectorals,intermediate,,"The dumbbell bench press allows greater range of motion than the barbell version and requires more stabilizer muscle activation. It targets the pectoralis major, anterior deltoid, and triceps.",2026-04-24T22:58:47.864633+00:00,Dumbbell Bench Press,Press de banca con mancuernas,dumbbells,gym,True,horizontal_push,,dumbbell-bench-press,"Lie on a flat bench holding a dumbbell in each hand at chest level, elbows at about 45 degrees. Press the dumbbells up and together until arms are nearly extended. Lower back to chest level with control. Repeat for desired reps."
899715af-faad-484d-9dc3-34882f71be9f,chest,pectorals,intermediate,,The dumbbell fly is an isolation exercise for the pectoralis major. The wide arc motion stretches the chest at the bottom for an enhanced mind-muscle connection and growth stimulus.,2026-04-24T22:58:47.864633+00:00,Dumbbell Fly,Aperturas con mancuernas,dumbbells,gym,True,horizontal_adduction,,dumbbell-fly,"Lie on a flat bench with a dumbbell in each hand, arms extended above chest. Lower the dumbbells out and down in a wide arc, keeping a slight bend in the elbows. Stop when you feel a deep chest stretch. Bring the dumbbells back together in the same arc. Repeat for desired reps."
96ebd8ac-386a-468c-a138-d449419a28b1,chest,pectorals,beginner,,"The machine chest press is a guided pressing exercise targeting the pectoralis major. The fixed path reduces the stabilization requirement, making it ideal for high-rep or isolation work.",2026-04-24T22:58:47.864633+00:00,Machine Chest Press,Press de pecho en máquina,machine,gym,True,horizontal_push,,machine-chest-press,Adjust the seat height so handles align with your mid-chest. Sit with your back flat against the pad. Press the handles forward until your arms are nearly extended. Squeeze the chest at the end. Return with control to the starting position. Repeat for desired reps.
8e198a0a-f530-4cdd-af36-480ba877bda1,chest,pectorals,beginner,,"The push-up is a foundational bodyweight compound exercise targeting the pectoralis major, triceps, and anterior deltoids. It requires no equipment and can be progressively loaded through variations.",2026-04-24T22:58:47.864633+00:00,Push-Up,Flexión de brazos,bodyweight,calisthenics,True,horizontal_push,,push-up,"Start in a high plank with hands shoulder-width apart, body in a straight line from head to heels. Lower your chest toward the floor by bending your elbows at about 45 degrees. Stop just before your chest touches the ground. Press back up to the starting position. Repeat for desired reps."
ce31f3cb-d209-4293-aaf4-d8ade9bd78d2,chest,triceps/chest,intermediate,,"The diamond push-up places hands close together forming a diamond shape, shifting emphasis from the chest to the triceps. It is one of the most effective bodyweight triceps exercises.",2026-04-24T22:58:47.864633+00:00,Diamond Push-Up,Flexión diamante,bodyweight,calisthenics,True,horizontal_push,,diamond-push-up,"Start in a plank position with hands placed close together directly under your chest, forming a diamond shape with your index fingers and thumbs. Lower your chest toward your hands. Press back up to the starting position. Repeat for desired reps."
f18073c3-addf-4bc7-8591-277ce1ca03ea,chest,upper chest,intermediate,,"The decline push-up is performed with feet elevated, increasing the angle and shifting emphasis to the upper chest and anterior deltoids. The higher the feet, the more shoulder-dominant the movement becomes.",2026-04-24T22:58:47.864633+00:00,Decline Push-Up,Flexión declinada,bodyweight,calisthenics,True,horizontal_push,,decline-push-up,"Place your feet on an elevated surface (bench, chair, or step) and hands on the floor shoulder-width apart. Keep your body in a straight line. Lower your chest toward the floor by bending your elbows. Press back up to the starting position. Repeat for desired reps."
cb80c952-e124-402e-ac76-6a8bfa847a78,chest,upper chest,intermediate,,The incline barbell bench press targets the upper portion of the pectoralis major and anterior deltoid by pressing from an angled position. It is essential for complete chest development.,2026-04-24T22:58:47.864633+00:00,Incline Barbell Bench Press,Press inclinado con barra,barbell,gym,True,incline_push,,incline-barbell-bench-press,Set the bench to 30-45 degrees. Lie back and grip the barbell slightly wider than shoulder-width. Unrack and hold above your upper chest. Lower the bar to your upper chest with elbows at 45-60 degrees. Press back up to the starting position. Repeat for desired reps.
3827d55d-3f25-456e-adca-bba079aaead8,chest,upper chest,intermediate,,The incline dumbbell bench press targets the upper chest with greater range of motion than the barbell version. It allows each arm to work independently for balanced development.,2026-04-24T22:58:47.864633+00:00,Incline Dumbbell Bench Press,Press inclinado con mancuernas,dumbbells,gym,True,incline_push,,incline-dumbbell-bench-press,Set an adjustable bench to 30-45 degrees. Sit back holding a dumbbell in each hand at upper chest level. Press the dumbbells up and together until arms are nearly extended. Lower back with control to chest level. Repeat for desired reps.
8f4d722e-e8c9-4625-a83d-8b89324ba9e5,chest,upper chest,beginner,,"The incline push-up is an easier push-up variation with hands elevated on a surface. It reduces bodyweight load, making it suitable for beginners or as a warm-up movement.",2026-04-24T22:58:47.864633+00:00,Incline Push-Up,Flexión inclinada,bodyweight,calisthenics,True,horizontal_push,,incline-push-up,"Place your hands on an elevated surface such as a bench, step, or wall at shoulder-width. Keep your body in a straight line from head to heels. Lower your chest toward the surface. Press back up to the starting position. Repeat for desired reps."
f8b91679-4ed3-42e9-9df4-df5152a7f970,core,abdominals,beginner,,"The ab crunch machine provides a guided resistance for core flexion, targeting the rectus abdominis with adjustable weight and reduced hip flexor involvement.",2026-04-24T22:58:47.864633+00:00,Ab Crunch Machine,Máquina de abdominales,machine,gym,True,spinal_flexion,,ab-crunch-machine,"Adjust the machine seat and select the desired weight. Sit with your back flat and grip the handles or pads. Crunch forward by flexing your spine, bringing your ribcage toward your hips. Squeeze your abs at the bottom. Slowly return to the starting position. Repeat for desired reps."
ebe3a2d6-720a-4903-bd89-76ba779da5a6,core,abdominals,advanced,,The ab wheel rollout is an advanced anti-extension core exercise that challenges the entire core from a kneeling or standing position. It develops both strength and stability.,2026-04-24T22:58:47.864633+00:00,Ab Wheel Rollout,Rueda abdominal,ab wheel,gym,True,anti_extension,,ab-wheel-rollout,"Kneel on a mat and grip an ab wheel with both hands. Place the wheel on the floor in front of you. Slowly roll the wheel forward, extending your body as far as you can while keeping your core tight and lower back neutral. Roll back to the starting position by contracting your abs and pulling the wheel back under you. Repeat for desired reps."
a17ae501-9206-426c-a4df-375ca7c21144,core,abdominals,beginner,,"The cable crunch uses a high cable with a rope attachment to add resistance to spinal flexion, making it the most progressive crunch variation for building rectus abdominis thickness.",2026-04-24T22:58:47.864633+00:00,Cable Crunch,Crunch en polea,cable,gym,True,spinal_flexion,,cable-crunch,"Attach a rope to a high cable pulley. Kneel in front of the machine and grip the rope behind your head with palms facing each other. Crunch downward by flexing your spine, bringing your elbows toward your knees. Squeeze your abs at the bottom. Return with control to the starting position. Repeat for desired reps."
6aedb799-e9d9-4ae1-8f13-60408c2942e0,core,abdominals,beginner,,The crunch is the most basic core isolation exercise targeting the rectus abdominis. It uses a shortened range of motion compared to a sit-up to reduce hip flexor involvement.,2026-04-24T22:58:47.864633+00:00,Crunch,Crunch abdominal,bodyweight,calisthenics,True,spinal_flexion,,crunch,"Lie on your back with knees bent and feet flat on the floor. Place your hands behind your head or crossed over your chest. Curl your shoulders off the floor by contracting your abs, keeping your lower back in contact with the floor. Squeeze at the top. Lower back down with control. Repeat for desired reps."
edd72641-d8f9-4b5d-92b8-bfd25f204879,core,abdominals,beginner,,The plank is a fundamental isometric core exercise that develops anti-extension strength and endurance throughout the entire trunk. It requires no equipment and serves as the basis for many core progressions.,2026-04-24T22:58:47.864633+00:00,Plank,Plancha,bodyweight,calisthenics,True,anti_extension,,plank,"Get into a push-up position and lower onto your forearms. Elbows directly under your shoulders. Keep your body in a perfectly straight line from head to heels. Engage your core, glutes, and quads. Breathe steadily. Avoid letting your hips sag or rise. Hold for the desired duration."
63cde235-6bb6-496b-88d7-976d891c1dfd,core,abdominals,beginner,,The sit-up is a full range spinal flexion exercise that targets the rectus abdominis and hip flexors. It provides a greater range of motion than the crunch.,2026-04-24T22:58:47.864633+00:00,Sit-Up,Abdominal completo,bodyweight,calisthenics,True,spinal_flexion,,sit-up,"Lie on your back with knees bent and feet flat on the floor. Place your hands behind your head or crossed over your chest. Curl your entire upper body off the floor, reaching toward your knees. Lower back down with control. Repeat for desired reps."
3ce5f9c1-5c03-4356-866d-cf0c4ae108db,core,core,beginner,,"The hollow body hold is a gymnastics-based isometric core exercise that trains the abs, hip flexors, and serratus anterior simultaneously. It develops deep core stability crucial for advanced bodyweight skills.",2026-04-24T22:58:47.864633+00:00,Hollow Body Hold,Hollow hold,bodyweight,calisthenics,True,anti_extension,,hollow-body-hold,"Lie on your back with arms extended overhead and legs straight. Press your lower back into the floor by engaging your core. Lift your shoulders and legs off the floor simultaneously, keeping your legs together and arms close to your ears. Hold the hollow banana shape with lower back pressed to the floor. Breathe steadily and hold for desired duration."
dad7f29f-73ed-42b4-a0e4-30f8439123ac,core,core,advanced,,"The L-sit is an advanced gymnastics-based hold performed on parallel bars, rings, or the floor. It simultaneously trains the abs, hip flexors, triceps, and shoulders under isometric tension.",2026-04-24T22:58:47.864633+00:00,L-Sit,L-sit,bodyweight,calisthenics,True,isometric_core,,l-sit,"Grip parallel bars or dip handles and push yourself up with arms straight. Raise both legs in front of you to hip height, forming an L-shape with your body. Keep your legs straight and feet flexed. Hold for desired duration while keeping arms straight and shoulders depressed. Lower with control."
4f1f4ae2-ea0b-4aae-b8a3-c6834034dd42,core,core/cardio,beginner,,"Mountain climbers are a dynamic core exercise that combines plank stability with alternating knee drives. They challenge the abs, hip flexors, and provide a cardiovascular stimulus.",2026-04-24T22:58:47.864633+00:00,Mountain Climbers,Escaladores,bodyweight,calisthenics,True,dynamic_core,,mountain-climbers,Start in a high plank position with hands under shoulders and body in a straight line. Drive one knee toward your chest while keeping the other leg extended. Quickly switch legs in a running motion. Continue alternating as fast as possible while maintaining a neutral spine. Perform for desired reps or time.
abe672a1-9ea1-48aa-a0fb-6e0dcffd0ccd,core,deep core,beginner,,The bird dog is a core stability exercise that trains anti-rotation and spinal stabilization by extending opposite limbs from a quadruped position. It is key for lower back health.,2026-04-24T22:58:47.864633+00:00,Bird Dog,Bird dog,bodyweight,calisthenics,True,anti_rotation,,bird-dog,Start on hands and knees with hands under shoulders and knees under hips. Engage your core. Extend your right arm and left leg simultaneously until both are parallel to the floor. Hold for 2-3 seconds. Return to starting position. Switch to left arm and right leg. Continue alternating for desired reps.
fab3e2e3-e8f3-487d-aaf1-6ba277248b93,core,deep core,beginner,,The dead bug is an anti-extension core exercise that strengthens the deep abs and protects the lower back by maintaining a neutral spine while moving opposite limbs.,2026-04-24T22:58:47.864633+00:00,Dead Bug,Dead bug,bodyweight,calisthenics,True,anti_extension,,dead-bug,Lie on your back with arms extended toward the ceiling and knees bent at 90 degrees in the air (tabletop). Press your lower back firmly into the floor. Lower your right arm overhead and extend your left leg simultaneously toward the floor without touching. Return to starting position. Repeat on opposite side. Continue alternating for desired reps.
5cc61247-59a3-4e10-9bda-5d2fb19c37e4,core,lower abs,intermediate,,The hanging knee raise targets the lower abs and hip flexors by raising the knees toward the chest while hanging from a bar. It also develops grip strength.,2026-04-24T22:58:47.864633+00:00,Hanging Knee Raise,Elevación de rodillas colgado,bodyweight,calisthenics,True,hip_flexion,,hanging-knee-raise,"Hang from a pull-up bar with an overhand grip, hands shoulder-width apart. Let your body hang fully. Raise your knees toward your chest by contracting your abs. Hold briefly at the top. Lower with control. Repeat for desired reps."
c6c53728-1f56-4ae2-99f7-818b675355c3,core,lower abs,advanced,,"The hanging leg raise is a more demanding version of the knee raise, extending the legs straight for greater lever arm and lower ab activation. Requires significant core strength.",2026-04-24T22:58:47.864633+00:00,Hanging Leg Raise,Elevación de piernas colgado,bodyweight,calisthenics,True,hip_flexion,,hanging-leg-raise,"Hang from a pull-up bar with an overhand grip. Keeping legs straight and together, raise them until they are parallel to the floor or higher. Squeeze the abs at the top. Lower with control. Avoid swinging. Repeat for desired reps."
7698e8da-482d-4571-843e-e4e37164dc17,core,obliques,beginner,,"The Russian twist is a rotational core exercise targeting the obliques and rectus abdominis. It can be performed with bodyweight or added load from a medicine ball, dumbbell, or plate.",2026-04-24T22:58:47.864633+00:00,Russian Twist,Giro ruso,bodyweight,calisthenics,True,rotation,,russian-twist,"Sit on the floor with knees bent and feet slightly off the ground. Lean back slightly while keeping your back straight. Hold your hands together or grip a weight in front of you. Rotate your torso to one side, then the other in a controlled motion. Repeat for desired reps per side."
a7419365-dfb7-4f95-af1b-d537988e9a17,core,obliques,beginner,,The side plank is an isometric lateral core exercise that specifically targets the obliques and quadratus lumborum. It builds lateral stability crucial for spine health and athletic performance.,2026-04-24T22:58:47.864633+00:00,Side Plank,Plancha lateral,bodyweight,calisthenics,True,anti_lateral_flexion,,side-plank,Lie on your side and prop yourself up on your forearm with your elbow under your shoulder. Stack your feet on top of each other. Raise your hips off the floor until your body forms a straight diagonal line. Keep your core engaged and hips square. Breathe steadily. Hold for desired duration then switch sides.
5451561a-66bf-41a6-b1dd-7547f932a4e1,functional,conditioning,beginner,,"Battle ropes are a high-intensity functional training tool that develops cardiovascular fitness, upper body endurance, and grip strength through alternating or simultaneous wave patterns.",2026-04-24T22:58:47.864633+00:00,Battle Ropes,Cuerdas de batalla,battle ropes,functional,True,conditioning,,battle-ropes,Anchor the rope to a fixed point and hold one end in each hand. Stand with feet shoulder-width apart and knees slightly bent. Generate waves by alternating arm movements up and down with maximum power. Keep your core braced and maintain good posture throughout. Perform for desired time intervals.
effb687b-1e19-405c-8097-7e7829f8badc,functional,full body,intermediate,,"The burpee is a full-body functional exercise combining a squat, push-up, and jump. It develops cardiovascular fitness, strength, and coordination simultaneously with no equipment required.",2026-04-24T22:58:47.864633+00:00,Burpee,Burpee,bodyweight,functional,True,burpee,,burpee,Stand with feet shoulder-width apart. Squat down and place hands on the floor in front of you. Jump or step feet back into a plank position. Perform a push-up. Jump feet back toward your hands into a squat. Explosively jump up with arms overhead. Land softly and immediately go into the next rep.
e4433430-5ccd-4015-8045-218f52f2b3e8,functional,full body,beginner,,"The medicine ball slam is a power exercise that develops explosive full-body strength and cardiovascular conditioning. It targets the lats, abs, and shoulders through a maximal overhead to floor throwing motion.",2026-04-24T22:58:47.864633+00:00,Medicine Ball Slam,Golpe con balón medicinal,medicine ball,functional,True,slam,,medicine-ball-slam,Stand with feet shoulder-width apart holding a medicine ball. Raise the ball overhead with arms extended. Engage your core and slam the ball into the floor as hard as possible by contracting your abs and lats. Catch the ball on the bounce or pick it up. Repeat immediately for desired reps.
6189e828-808b-4778-8495-401110b9796f,functional,full body,intermediate,,"The sled push is a functional strength and conditioning exercise that develops lower body power, cardiovascular endurance, and full-body strength through horizontal force production.",2026-04-24T22:58:47.864633+00:00,Sled Push,Empuje de trineo,sled,functional,True,push,,sled-push,Load the sled with appropriate weight. Place both hands on the poles at shoulder height. Lean forward at about 45 degrees and drive the sled forward by pushing through your legs with powerful strides. Keep your back flat and core braced throughout. Push for desired distance.
f3e474d8-487c-4f3d-a3da-48a4b0086591,functional,glutes/hamstrings,intermediate,,"The kettlebell swing is a fundamental hip hinge movement that develops explosive hip extension, posterior chain strength, and cardiovascular conditioning. It uses the power of the hips rather than the arms.",2026-04-24T22:58:47.864633+00:00,Kettlebell Swing,Swing con kettlebell,kettlebell,functional,True,hinge_power,,kettlebell-swing,Stand with feet shoulder-width apart and a kettlebell on the floor slightly in front of you. Hinge at the hips and grip the bell. Pull it back between your legs with a hiking motion. Drive your hips forward explosively to swing the bell to chest height. Let gravity bring it back through your legs and immediately repeat. Use your hips not your arms.
de7bc5f1-207e-40a8-9942-e6d433a6faa0,functional,grip/core,beginner,,"The farmer's walk is a loaded carry exercise that develops total body strength, grip endurance, traps, and core stability. It is highly functional and transfers to everyday activities.",2026-04-24T22:58:47.864633+00:00,Farmer's Walk,Caminata del granjero,dumbbells,functional,True,carry,,farmer-s-walk,"Pick up a heavy dumbbell, kettlebell, or trap bar in each hand. Stand tall with shoulders retracted and core braced. Walk forward for the desired distance taking short controlled steps. Keep the weights at your sides without letting them touch your body. Maintain upright posture throughout."
ce2a8794-8545-45bc-947f-1b4e3bba7be6,functional,legs/power,intermediate,,The box jump is a plyometric exercise that develops lower body explosive power and reactive strength. Landing on a box reduces joint impact compared to depth jumps.,2026-04-24T22:58:47.864633+00:00,Box Jump,Salto al cajón,box,functional,True,jump,,box-jump,"Stand facing a sturdy box with feet shoulder-width apart. Bend your knees into a quarter squat and swing your arms back. Explosively jump onto the box, swinging your arms forward for momentum. Land softly with both feet flat on the box and knees slightly bent. Stand up fully. Step back down (do not jump down). Repeat for desired reps."
9a693583-a1f0-45bb-82e5-af85513debdb,legs,adductors,beginner,,"Hip adduction exercises target the adductor muscles of the inner thigh. Commonly performed on a machine or with cable, it strengthens hip stability and groin muscles.",2026-04-24T22:58:47.864633+00:00,Hip Adduction,Aducción de cadera,machine,gym,True,hip_adduction,,hip-adduction,Sit on the hip adduction machine and adjust the pads to the outside of your thighs. Select the desired weight. Bring your thighs together against the resistance by contracting your inner thighs. Hold briefly at the end. Slowly return to the starting position. Repeat for desired reps.
64d8cbe8-206f-499b-85cd-5adb77da4fe2,legs,calves,beginner,,The calf raise is an isolation exercise for the gastrocnemius and soleus muscles of the lower leg. It can be performed standing or seated with bodyweight or added load.,2026-04-24T22:58:47.864633+00:00,Calf Raise,Elevación de talones,machine,gym,True,ankle_plantarflexion,,calf-raise,Stand with feet hip-width apart and the balls of your feet on the edge of a step or flat on the floor. Rise up onto your tiptoes by contracting your calves. Hold briefly at the top. Lower your heels as far down as possible. Repeat for desired reps.
ff697157-b376-4fb5-96b7-de2a2d235043,legs,calves,beginner,,"The seated calf raise specifically targets the soleus muscle (the deeper calf) because the knee is bent, which de-emphasizes the gastrocnemius. Essential for complete calf development.",2026-04-24T22:58:47.864633+00:00,Seated Calf Raise,Elevación de talones sentado,machine,gym,True,ankle_plantarflexion,,seated-calf-raise,Sit on the seated calf raise machine with your thighs under the pads and the balls of your feet on the step. Lower your heels as far as possible to get a full stretch. Press up onto your tiptoes by contracting your calves. Hold at the top. Lower slowly. Repeat for desired reps.
d5e44580-6812-4e2a-aecb-5b4a32ce6133,legs,calves,beginner,,"The standing calf raise targets the gastrocnemius, the larger calf muscle that is visible from the outside. Performed standing with legs straight to maximize gastrocnemius activation.",2026-04-24T22:58:47.864633+00:00,Standing Calf Raise,Elevación de talones de pie,machine,gym,True,ankle_plantarflexion,,standing-calf-raise,Stand on the edge of a step or calf raise machine with feet hip-width apart. Keep legs straight. Lower your heels below the step for a full stretch. Press up onto your tiptoes. Squeeze at the top. Lower with control. Repeat for desired reps.
fe863405-0134-425a-8916-8960e7d547cc,legs,glutes,beginner,,The cable kickback isolates the gluteus maximus using a low cable pulley with an ankle attachment. The constant cable tension throughout the range of motion makes it superior to bodyweight kickbacks.,2026-04-24T22:58:47.864633+00:00,Cable Kickback,Patada de glúteo en polea,cable,gym,True,hip_extension,,cable-kickback,"Attach an ankle cuff to a low cable pulley. Stand facing the machine and hold the frame for balance. Shift weight to one leg. Kick the working leg back and up by contracting the glute, keeping the leg nearly straight. Squeeze at the top. Lower with control. Complete reps then switch legs."
5ea40e6b-7523-4676-ae65-4fdc3d9ac80a,legs,glutes,beginner,,The glute bridge is a fundamental hip extension exercise that activates the gluteus maximus with minimal lower back stress. It is performed lying on the floor and is ideal for beginners or as a warm-up movement.,2026-04-24T22:58:47.864633+00:00,Glute Bridge,Puente de glúteo,bodyweight,calisthenics,True,hip_extension,,glute-bridge,"Lie on your back with knees bent and feet flat on the floor, hip-width apart. Drive through your heels to lift your hips off the floor until your body forms a straight line from knees to shoulders. Squeeze your glutes hard at the top. Lower your hips back to the floor. Repeat for desired reps."
f6e653f7-6fd8-48f1-b813-de2e1921b93f,legs,glutes,intermediate,,"The hip thrust is the most effective exercise for gluteus maximus development. Performed with the upper back on a bench and a barbell across the hips, it provides peak glute contraction under load.",2026-04-24T22:58:47.864633+00:00,Hip Thrust,Hip thrust,barbell,gym,True,hip_extension,,hip-thrust,Place your upper back against a bench with a barbell across your hips. Plant your feet flat on the floor hip-width apart. Drive through your heels to thrust your hips up until your body is parallel to the floor. Squeeze your glutes hard at the top. Lower your hips to the floor. Repeat for desired reps.
a257b94e-9403-4aa5-add7-6ee2f49cf770,legs,glutes medius,beginner,,"Hip abduction exercises target the gluteus medius and minimus, which are crucial for hip stability, knee alignment, and single-leg athletic movements. Commonly performed on a machine or with a band.",2026-04-24T22:58:47.864633+00:00,Hip Abduction,Abducción de cadera,machine,gym,True,hip_abduction,,hip-abduction,Sit on the hip abduction machine with pads on the outside of your thighs. Press your legs apart against the resistance by contracting your outer glutes. Hold briefly at the end range. Slowly return to the starting position. Repeat for desired reps.
4ffa0fe6-2947-4138-b09b-602923e18c0d,legs,glutes/adductors,beginner,,The sumo squat uses a wide stance with toes pointed out to shift emphasis toward the inner thighs (adductors) and glutes compared to a standard squat. Can be performed with a dumbbell or kettlebell.,2026-04-24T22:58:47.864633+00:00,Sumo Squat,Sentadilla sumo,dumbbell,gym,True,squat,,sumo-squat,Stand with feet wider than shoulder-width and toes pointed out at 45 degrees. Hold a dumbbell or kettlebell in front of you. Push your knees out over your toes and lower your hips until thighs are parallel to the floor. Drive through your heels to stand back up. Squeeze your glutes at the top. Repeat for desired reps.
9f882e80-6b9c-4b00-8172-b11efdf8c10c,legs,glutes/hamstrings,intermediate,,The cable pull-through is a hip hinge movement using a low cable pulley that targets the glutes and hamstrings. It teaches proper hip hinge mechanics with constant cable tension.,2026-04-24T22:58:47.864633+00:00,Cable Pull-Through,Pull-through en polea,cable,gym,True,hip_hinge,,cable-pull-through,"Attach a rope to a low cable pulley. Stand facing away from the machine and grip the rope between your legs. Hinge forward at the hips, letting the rope pull back between your thighs. Drive your hips forward explosively to stand upright, squeezing your glutes at the top. Repeat for desired reps."
b8c3ff2a-9a43-41c6-803a-b6edec792676,legs,glutes/hamstrings,advanced,,"The sumo deadlift uses a wide stance with a narrow grip, reducing the range of motion and shifting emphasis to the inner thighs, glutes, and quads compared to the conventional deadlift.",2026-04-24T22:58:47.864633+00:00,Sumo Deadlift,Peso muerto sumo,barbell,gym,True,hip_hinge,,sumo-deadlift,"Stand with feet wider than shoulder-width and toes pointed out. Place hands inside your legs on the bar with an overhand or mixed grip. Push your knees out and keep your chest up. Drive through your legs to lift the bar, keeping it close to your body. Lock out hips and knees at the top. Lower with control. Repeat for desired reps."
df4dba4f-6994-42c4-92e3-cb1461495597,legs,glutes/quads,intermediate,,"The Bulgarian split squat is a single-leg squat with the rear foot elevated. It develops unilateral quad, glute, and hip flexor strength while exposing and correcting imbalances between sides.",2026-04-24T22:58:47.864633+00:00,Bulgarian Split Squat,Sentadilla búlgara,dumbbells,gym,True,split_squat,,bulgarian-split-squat,Stand in front of a bench and place one foot on top behind you. Hop the front foot forward enough to create a 90-degree knee angle at the bottom. Lower your hips until the front thigh is parallel to the floor and the back knee nearly touches the ground. Drive through the front heel to stand. Complete reps then switch legs.
bc34a4f9-bd9c-4de5-b765-97450c077475,legs,glutes/quads,beginner,,"The lunge is a fundamental unilateral lower body exercise targeting the quads, glutes, and hamstrings. It also challenges balance and hip mobility in a split stance position.",2026-04-24T22:58:47.864633+00:00,Lunge,Zancada,bodyweight,calisthenics,True,split_squat,,lunge,Stand with feet hip-width apart. Step forward with one foot and lower your body until both knees are bent at about 90 degrees. Keep your front knee over your foot and back knee just above the floor. Push through your front heel to return to the starting position. Repeat on the same leg or alternate legs for desired reps.
1c3e0e6b-5745-469c-91b6-ab0f55c0c78a,legs,glutes/quads,beginner,,"The reverse lunge steps backward instead of forward, reducing knee stress compared to the forward lunge. It emphasizes glute and hamstring activation while maintaining stability.",2026-04-24T22:58:47.864633+00:00,Reverse Lunge,Zancada hacia atrás,bodyweight,calisthenics,True,split_squat,,reverse-lunge,Stand with feet hip-width apart. Step one foot back and lower your back knee toward the floor until both knees are at 90 degrees. Keep your front knee over your ankle. Push through your front heel to return to standing. Alternate legs or complete all reps on one side. Repeat for desired reps.
8804179a-2f68-4fcf-8663-bf2a7c8a739c,legs,glutes/quads,beginner,,The step-up is a unilateral leg exercise using a box or bench that targets the quads and glutes. It develops single-leg strength and balance in a functional movement pattern.,2026-04-24T22:58:47.864633+00:00,Step-Up,Subida al cajón,dumbbells,functional,True,step_up,,step-up,Stand in front of a box or bench. Step up with one foot and drive through that heel to lift your body onto the box. Stand fully upright on top. Step back down with the trailing foot. Repeat on the same leg or alternate. Complete desired reps.
34ed5980-1522-4151-9715-69a5f1d88fd6,legs,glutes/quads,beginner,,"The walking lunge is a dynamic lunge variation where you move continuously forward, increasing time under tension and cardiovascular demand compared to stationary lunges.",2026-04-24T22:58:47.864633+00:00,Walking Lunge,Zancada caminando,dumbbells,gym,True,split_squat,,walking-lunge,"Stand with feet hip-width apart. Step forward with one foot into a lunge, lowering until both knees are at 90 degrees. Drive through the front foot to step forward into the next lunge with the opposite leg. Continue walking forward for the desired distance or reps. Maintain upright posture throughout."
1ee7aa8d-7d2b-4f4d-93b4-338a01d2f1a2,legs,hamstrings,beginner,,"The leg curl is an isolation exercise for the hamstrings performed on a machine in lying, seated, or standing position. It is essential for balanced leg development and knee health.",2026-04-24T22:58:47.864633+00:00,Leg Curl,Curl femoral,machine,gym,True,knee_flexion,,leg-curl,"Set up on the leg curl machine following its design (lying, seated, or standing). Adjust the pad to the back of your lower legs just above the ankles. Curl your legs toward your glutes by flexing your hamstrings. Squeeze at the top. Lower with control. Repeat for desired reps."
dc36335d-49b8-48e5-bdda-b1839a5f2c18,legs,hamstrings,beginner,,"The lying leg curl is the most common hamstring isolation exercise, performed face-down on a machine. The prone position maximally stretches the hamstrings at the start for a greater range of motion.",2026-04-24T22:58:47.864633+00:00,Lying Leg Curl,Curl femoral acostado,machine,gym,True,knee_flexion,,lying-leg-curl,Lie face down on the leg curl machine and position the roller pad just above your Achilles tendon. Grip the handles for stability. Curl your legs toward your glutes by flexing your hamstrings. Squeeze at the top of the movement. Lower with control back to the starting position. Repeat for desired reps.
1c72b858-5d74-475c-849b-f66163d6fae8,legs,hamstrings,intermediate,,The Romanian deadlift (RDL) is a hip hinge movement with legs nearly straight that maximally stretches and loads the hamstrings under tension. It is the primary hamstring mass builder.,2026-04-24T22:58:47.864633+00:00,Romanian Deadlift,Peso muerto rumano,barbell,gym,True,hip_hinge,,romanian-deadlift,"Stand holding a barbell or dumbbells at hip level with feet hip-width apart. Push your hips back while lowering the weight down your legs, keeping a slight knee bend. Keep your back flat and maintain a neutral spine. Feel the hamstring stretch at the bottom. Drive your hips forward to return to standing. Squeeze your glutes at the top. Repeat for desired reps."
d88dd669-0ce8-4379-a6e8-109e659f2aac,legs,hamstrings,beginner,,"The seated leg curl targets the hamstrings from a seated position where the hip is flexed, placing the hamstrings under greater stretch for a different stimulus than the lying version.",2026-04-24T22:58:47.864633+00:00,Seated Leg Curl,Curl femoral sentado,machine,gym,True,knee_flexion,,seated-leg-curl,Sit on the seated leg curl machine and adjust the pads so they rest just above the ankles. Grip the handles. Curl your legs down and back by flexing your hamstrings. Squeeze at the bottom of the movement. Slowly return to the starting position. Repeat for desired reps.
24d2bd90-3122-4497-9fc9-e44ceb77bfc9,legs,hamstrings,intermediate,,The stiff-leg deadlift is a hamstring hinge exercise performed with straight legs to maximize the stretch on the hamstrings. It differs from the RDL by keeping legs completely straight.,2026-04-24T22:58:47.864633+00:00,Stiff-Leg Deadlift,Peso muerto piernas rígidas,barbell,gym,True,hip_hinge,,stiff-leg-deadlift,Stand holding a barbell or dumbbells with legs completely straight or with a very minimal knee bend. Hinge at the hips and lower the weight toward the floor while keeping your back flat. Feel the deep hamstring and lower back stretch at the bottom. Return to standing by extending your hips. Repeat for desired reps.
79c5bef1-3366-4f91-aeb1-7be1e776061f,legs,quadriceps,intermediate,,"The barbell back squat is the king of lower body exercises, targeting the quads, glutes, hamstrings, and core under heavy load. It is the most effective compound movement for lower body mass.",2026-04-24T22:58:47.864633+00:00,Barbell Back Squat,Sentadilla trasera con barra,barbell,gym,True,squat,,barbell-back-squat,"Place a barbell on your upper back and stand with feet slightly wider than shoulder-width, toes pointed slightly out. Take a deep breath and brace your core. Push your knees out over your toes and sit your hips back and down until thighs are parallel to the floor. Drive through your heels to stand. Repeat for desired reps."
4f6b3580-b0c1-484e-93af-b5b8702e179b,legs,quadriceps,intermediate,,The box squat uses a box or bench as a depth target and briefly breaks momentum at the bottom. It develops quad and glute strength with consistent depth and reduced spinal stress.,2026-04-24T22:58:47.864633+00:00,Box Squat,Sentadilla al cajón,barbell,gym,True,squat,,box-squat,"Set a box or bench to the desired depth behind you. Stand with feet shoulder-width apart and toes slightly out. Sit back onto the box in a controlled manner, shifting weight to your heels. Pause briefly on the box. Drive explosively through your heels to stand. Repeat for desired reps."
ec945d90-bdd8-43c9-b277-1fd77efbf25f,legs,quadriceps,advanced,,"The front squat holds the barbell in front of the body across the shoulders, increasing quad dominance and requiring greater core strength and upper back mobility than the back squat.",2026-04-24T22:58:47.864633+00:00,Front Squat,Sentadilla frontal,barbell,gym,True,squat,,front-squat,Hold the barbell in a front rack position across your front deltoids. Stand with feet shoulder-width apart and toes slightly out. Keep your elbows high and chest up. Sit down and forward until thighs are parallel to the floor. Drive through your feet to stand. Repeat for desired reps.
ed45d7f8-fa33-4ab2-a754-7b717795a188,legs,quadriceps,beginner,,"The goblet squat holds a dumbbell or kettlebell at chest height, acting as a counterbalance to maintain an upright torso. It is excellent for learning squat mechanics.",2026-04-24T22:58:47.864633+00:00,Goblet Squat,Sentadilla goblet,dumbbell,gym,True,squat,,goblet-squat,Hold a dumbbell or kettlebell vertically at your chest with both hands. Stand with feet shoulder-width apart and toes slightly out. Push your knees out and squat down until thighs are parallel or below parallel to the floor. Drive through your heels to stand. Repeat for desired reps.
9aa62f1d-8e73-464b-9679-ff24089e6bb7,legs,quadriceps,intermediate,,"The hack squat machine places the body at an angle on a platform, providing a guided squat path that emphasizes the quads with reduced lower back stress.",2026-04-24T22:58:47.864633+00:00,Hack Squat,Sentadilla hack,machine,gym,True,squat,,hack-squat,Load the hack squat machine and position yourself with your back flat against the pad and shoulders under the pads. Feet on the platform slightly wider than shoulder-width. Release the safety. Lower by bending your knees until thighs are parallel to the platform. Drive through your feet to press back up. Repeat for desired reps.
0c09c34e-6c50-4d75-b1e9-eed4eae8ed52,legs,quadriceps,beginner,,The leg extension is a quad isolation exercise performed on a machine. It targets the rectus femoris and other quadriceps muscles through knee extension without hip flexion.,2026-04-24T22:58:47.864633+00:00,Leg Extension,Extensión de piernas,machine,gym,True,knee_extension,,leg-extension,Sit on the leg extension machine and adjust the roller pad to just above your ankles. Grip the handles. Extend your legs by contracting your quadriceps until legs are nearly straight. Squeeze the quads at the top. Lower with control to the starting position. Repeat for desired reps.
53e3e067-5c87-4a21-96c0-02083c0a74f5,legs,quadriceps,beginner,,"The leg press is a compound leg exercise using a machine to press weight away from the body. It targets the quads, glutes, and hamstrings with reduced spinal loading compared to the squat.",2026-04-24T22:58:47.864633+00:00,Leg Press,Prensa de piernas,machine,gym,True,squat,,leg-press,Sit in the leg press machine with your back and head flat against the pad. Place feet hip-width apart on the platform. Release the safety handles. Lower the platform by bending your knees toward your chest. Press through your feet to extend your legs. Do not lock out knees at the top. Repeat for desired reps.
c5d52714-892a-464a-95a4-c2f1c74c699c,legs,quadriceps,advanced,,"The pistol squat is an advanced single-leg squat with one leg extended in front. It develops extreme unilateral quad and glute strength, balance, and mobility simultaneously.",2026-04-24T22:58:47.864633+00:00,Pistol Squat,Sentadilla a una pierna,bodyweight,calisthenics,True,single_leg_squat,,pistol-squat,"Stand on one leg with the other extended forward. Extend your arms forward for balance. Sit back and down on the standing leg, lowering all the way until your glute nearly touches your heel. Keep your extended leg parallel to the floor. Drive through your heel to stand back up. Repeat for desired reps then switch legs."
e96956f7-573f-48cf-861c-12608a5f580c,legs,quadriceps,beginner,,"The Smith machine squat uses a guided barbell on fixed vertical rails, providing additional stability. It allows focus on leg drive without balance demands of a free barbell.",2026-04-24T22:58:47.864633+00:00,Smith Machine Squat,Sentadilla en Smith,smith machine,gym,True,squat,,smith-machine-squat,Position yourself under the Smith machine bar with it resting on your upper back. Set your feet slightly in front of you. Unhook the bar by rotating it. Descend by bending your knees and pushing them out over your toes. Lower until thighs are parallel. Drive up to standing. Re-rack by rotating the bar back into the hooks. Repeat for desired reps.
b6aacd88-92b2-4cd8-92c2-28734ed802ab,shoulders,delts,intermediate,,"The Arnold press adds a rotation to the standard shoulder press, starting with palms facing you and rotating outward during the press. This recruits all three deltoid heads through the full range.",2026-04-24T22:58:47.864633+00:00,Arnold Press,Press Arnold,dumbbells,gym,True,vertical_push,,arnold-press,"Sit or stand holding dumbbells at shoulder height with palms facing you and elbows bent. Press the dumbbells up while simultaneously rotating your palms outward until they face away from you at the top. Lower in the reverse motion, rotating palms back toward you. Repeat for desired reps."
c5b4c226-1a55-4650-a68e-cff329959307,shoulders,delts,beginner,,The dumbbell shoulder press is the primary overhead pressing exercise for deltoid development. It allows more natural wrist rotation and greater range of motion than the barbell version.,2026-04-24T22:58:47.864633+00:00,Dumbbell Shoulder Press,Press de hombro con mancuernas,dumbbells,gym,True,vertical_push,,dumbbell-shoulder-press,"Sit or stand holding a dumbbell in each hand at shoulder height, palms facing forward. Press the dumbbells overhead until arms are nearly fully extended. Lower back to shoulder height. Repeat for desired reps."
6e2c3818-26c5-4326-b4e9-2116e7cac4e3,shoulders,delts,advanced,,The handstand push-up is an advanced bodyweight overhead pressing movement that develops the deltoids and triceps against full bodyweight. It requires significant shoulder strength and balance.,2026-04-24T22:58:47.864633+00:00,Handstand Push-Up,Flexión en pino,bodyweight,calisthenics,True,vertical_push,,handstand-push-up,Kick up into a handstand against a wall with hands shoulder-width apart. Lower your head toward the floor by bending your elbows. Stop just before your head touches. Press back up to the starting position. Maintain a tight core and straight body throughout. Repeat for desired reps.
8700daad-4844-4bf1-99f0-62ec3a4d665f,shoulders,delts,intermediate,,The landmine press is a one-arm pressing movement using a barbell anchored at one end. The angled pressing path is joint-friendly for shoulders while developing unilateral pressing strength.,2026-04-24T22:58:47.864633+00:00,Landmine Press,Press con landmine,landmine,gym,True,angled_push,,landmine-press,Anchor a barbell in a landmine attachment or corner. Stand perpendicular to the bar and hold the sleeve with one hand at shoulder height. Press the bar up and slightly forward at an angle. Extend fully at the top. Lower with control. Complete reps then switch sides.
69e7dee3-8a1a-4d06-804d-4adb34d4077b,shoulders,delts,intermediate,,"The overhead press (OHP) is the fundamental barbell shoulder pressing exercise. It develops the deltoids, triceps, and upper traps while requiring significant core stability for the standing version.",2026-04-24T22:58:47.864633+00:00,Overhead Press,Press militar,barbell,gym,True,vertical_push,,overhead-press,Stand with feet shoulder-width apart and grip the barbell at shoulder height with hands just outside shoulder-width. Brace your core. Press the bar straight overhead until arms are fully extended. Lower back to shoulder height. Repeat for desired reps.
cfb1100b-718d-4917-bfba-35c47d5dcfc6,shoulders,delts,beginner,,"The seated dumbbell shoulder press provides upper body stability from the bench, allowing focus on deltoid development. Sitting removes the need for lower body bracing compared to the standing version.",2026-04-24T22:58:47.864633+00:00,Seated Dumbbell Press,Press sentado con mancuernas,dumbbells,gym,True,vertical_push,,seated-dumbbell-press,"Sit on a bench with back support. Hold a dumbbell in each hand at shoulder height, palms facing forward. Press the dumbbells overhead until arms are nearly fully extended. Lower back to shoulder height. Repeat for desired reps."
dadb2b91-b0c7-47d2-90b9-27bd4aca61fd,shoulders,delts,beginner,,"The shoulder press machine provides a guided pressing motion for deltoid development with reduced stability demands, making it accessible for beginners or as an isolation finisher.",2026-04-24T22:58:47.864633+00:00,Shoulder Press Machine,Press de hombro en máquina,machine,gym,True,vertical_push,,shoulder-press-machine,Adjust the seat height so the handles are at shoulder level. Grip the handles and sit with your back flat against the pad. Press overhead until arms are nearly fully extended. Lower back to shoulder height. Repeat for desired reps.
d862c87e-7a37-44cd-9e42-bdc9cafddcbb,shoulders,front delts,beginner,,The front raise isolates the anterior (front) deltoid by raising weight directly in front of the body. It complements lateral raises and pressing for complete shoulder development.,2026-04-24T22:58:47.864633+00:00,Front Raise,Elevaciones frontales,dumbbells,gym,True,shoulder_flexion,,front-raise,"Stand with feet shoulder-width apart holding dumbbells or a plate in front of your thighs. Keeping elbows nearly straight, raise the weight directly in front of you to shoulder height. Lower with control. Repeat for desired reps."
2428e072-7176-409f-8b29-35b8d2ec509b,shoulders,rear delts,beginner,,The rear delt fly targets the posterior deltoid and upper back muscles by performing a horizontal abduction with dumbbells while bent forward. It is essential for shoulder balance and posture.,2026-04-24T22:58:47.864633+00:00,Rear Delt Fly,Pájaros,dumbbells,gym,True,horizontal_abduction,,rear-delt-fly,"Hinge forward at the hips until torso is nearly parallel to the floor. Hold a dumbbell in each hand with arms hanging straight down, palms facing each other. Raise both arms out to the sides by squeezing the rear delts and upper back. Pause at the top. Lower with control. Repeat for desired reps."
59b5df11-249b-4fd6-b49f-730e117e9346,shoulders,rear delts,beginner,,The reverse pec deck uses a machine to perform horizontal abduction targeting the rear delts and rhomboids. The chest-supported position and guided path provide excellent isolation.,2026-04-24T22:58:47.864633+00:00,Reverse Pec Deck,Pec deck invertido,machine,gym,True,horizontal_abduction,,reverse-pec-deck,Sit facing the pec deck machine. Grip the handles with arms extended forward. Pull the handles back and outward in a wide arc by squeezing your rear delts and shoulder blades together. Pause at the end range. Return with control to the starting position. Repeat for desired reps.
d0eddb7d-b90a-4722-bb70-60bc93714f87,shoulders,shoulders/core,advanced,,"The handstand hold is an isometric gymnastic skill that develops shoulder stability, upper body strength, and body awareness. It requires significant shoulder strength and balance practice.",2026-04-24T22:58:47.864633+00:00,Handstand Hold,Pino estático,bodyweight,calisthenics,True,isometric_balance,,handstand-hold,"Place hands shoulder-width apart on the floor near a wall. Kick up into a handstand and find balance with heels against the wall. Engage your core, squeeze your glutes, and point your toes. Keep arms fully locked and shoulders pressed up. Breathe steadily. Hold for desired duration."
aab06460-a794-445d-93a9-748deff61dae,shoulders,side delts,beginner,,"The cable lateral raise uses a low cable to provide constant tension throughout the lateral deltoid abduction, unlike dumbbells which lose tension at the bottom. It is highly effective for side delt isolation.",2026-04-24T22:58:47.864633+00:00,Cable Lateral Raise,Elevaciones laterales en polea,cable,gym,True,shoulder_abduction,,cable-lateral-raise,"Attach a single handle to a low cable pulley. Stand sideways to the machine and grip the handle with the far hand. With a slight bend in the elbow, raise your arm out to the side until it reaches shoulder height. Lower with control. Complete reps then switch sides."
b2c86c3a-e2cd-4e77-a642-c9cc7065cbce,shoulders,side delts,beginner,,The lateral raise isolates the medial (side) deltoid by abducting the arm against gravity with a dumbbell. It is the primary exercise for developing shoulder width.,2026-04-24T22:58:47.864633+00:00,Lateral Raise,Elevaciones laterales,dumbbells,gym,True,shoulder_abduction,,lateral-raise,"Stand with feet shoulder-width apart holding dumbbells at your sides. With a slight bend at the elbows, raise both arms out to the sides until they reach shoulder height. Pause briefly. Lower with control. Repeat for desired reps."
453f5e2b-02ad-4f8c-9338-52f8fcbe35eb,shoulders,traps,intermediate,,"The upright row pulls a barbell or dumbbells vertically up toward the chin, targeting the upper traps and medial deltoids simultaneously. It is a compound shoulder exercise.",2026-04-24T22:58:47.864633+00:00,Upright Row,Remo al mentón,barbell,gym,True,vertical_pull,,upright-row,"Stand holding a barbell with an overhand grip, hands shoulder-width apart. Pull the bar straight up toward your chin, leading with your elbows. Elbows should reach above shoulder height. Lower with control. Repeat for desired reps."
341e5ab1-b194-4e3f-bb91-f92fe97bc626,shoulders/chest,delts/triceps,intermediate,,"The pike push-up is a bodyweight shoulder pressing exercise performed in an inverted V position. You set your hips high with hands and feet on the floor, and lower your head toward the floor by bending at the elbows. It is the primary bodyweight progression toward handstand push-ups.",2026-05-13T00:00:00.000000+00:00,Pike Push-Up,Flexión en pica,bodyweight,home,False,vertical_push,stretching,pike-push-up,"Start in a push-up position. Walk your feet toward your hands, raising your hips high into an inverted V. Your body should form a sharp angle at the hips with head between your arms. Bend at the elbows to lower the top of your head toward the floor. Lower until your head nearly touches. Press back up to the pike position by extending your arms. Keep your hips high throughout. Aim for 8 to 12 reps per set."
d3a0becc-640f-4ca9-b5ea-7f57ec264d5b,chest,chest/triceps,advanced,,The archer push-up extends one arm wide while pressing with the other for unilateral chest and tricep loading. It is a key progression between standard push-ups and one-arm push-ups.,2026-05-13T00:00:00.000000+00:00,Archer Push-Up,Flexión arquero,bodyweight,home,True,horizontal_push,,archer-push-up,"Start in a wide push-up position with hands much wider than shoulders. Shift your weight to one side and bend that elbow to lower your chest toward that hand, while keeping the other arm nearly straight out to the side. Press back up through the bent arm. Repeat on the same side for all reps then switch. Aim for 6 to 10 reps per side."
709f0f42-9bd2-46d8-acb8-9bfe9e0482d9,chest/shoulders,chest/delts/triceps,advanced,,"The pseudo planche push-up positions the hands by the hips and leans the body forward, placing extreme load on the anterior deltoids and chest. It is a key skill in the planche progression.",2026-05-13T00:00:00.000000+00:00,Pseudo Planche Push-Up,Flexión pseudo plancha,bodyweight,home,True,horizontal_push,,pseudo-planche-push-up,"Get into a push-up position and rotate your hands so fingers point toward your feet, placing them beside your lower ribcage or hips. Lean your bodyweight forward so your shoulders are ahead of your hands. Lower your chest toward the floor. Press back up. Maintain a straight body throughout. Aim for 5 to 10 reps."
f2e822ec-09ec-46d6-85a1-7e166426840e,legs,quads/glutes/calves,intermediate,,The squat jump is a plyometric exercise that develops explosive lower body power by combining a squat with a maximal vertical jump. It trains fast-twitch muscle fibers in the quads and glutes.,2026-05-13T00:00:00.000000+00:00,Squat Jump,Sentadilla con salto,bodyweight,home,True,squat,,squat-jump,"Stand with feet shoulder-width apart and toes slightly out. Lower into a squat until thighs are parallel to the floor. Explosively jump as high as possible by extending your hips, knees, and ankles simultaneously. Land softly on the balls of your feet with knees slightly bent. Immediately descend into the next squat. Repeat for desired reps."
3c178f33-f594-40c2-89f5-57e656927ff4,legs/glutes,glutes/hamstrings,intermediate,,"The single-leg hip thrust is a unilateral glute exercise that provides intense isolation of one glute at a time, helping to identify and correct strength imbalances between sides.",2026-05-13T00:00:00.000000+00:00,Single-Leg Hip Thrust,Hip thrust a una pierna,bodyweight,home,False,hip_hinge,,single-leg-hip-thrust,Place your upper back against a bench with one foot flat on the floor and the other leg raised with knee bent at 90 degrees or extended. Drive through the planted heel to thrust your hips up until your body is parallel to the floor. Squeeze the working glute hard at the top. Lower your hips toward the floor. Complete all reps then switch legs.
b509d692-beb9-40eb-909d-e6e2c9ccbd1f,back/core,lower back/glutes,beginner,,The superman hold is a bodyweight lower back and glute exercise performed lying face down. Lifting the arms and legs simultaneously activates the entire posterior chain with minimal equipment.,2026-05-13T00:00:00.000000+00:00,Superman Hold,Superman,bodyweight,home,True,extension,,superman-hold,"Lie face down on a mat with arms extended overhead and legs straight. Simultaneously raise your arms, chest, and legs off the floor by squeezing your glutes and lower back. Hold the top position for 2-3 seconds. Lower back down with control. Repeat for desired reps."
1a0d8896-26dc-4efa-89eb-f7494a0b3e32,core,abs/obliques/shoulders,intermediate,,"The plank shoulder tap adds a unilateral stability challenge to the standard plank by alternately touching opposite shoulders, forcing the core to resist rotation.",2026-05-13T00:00:00.000000+00:00,Plank Shoulder Tap,Plancha con toque de hombro,bodyweight,home,False,anti_rotation,,plank-shoulder-tap,Start in a high plank position with hands under shoulders and body in a straight line. Keep your feet hip-width apart for a wider base. Lift one hand and tap the opposite shoulder while preventing your hips from rotating. Place the hand back down and repeat on the other side. Move slowly and with control. Repeat for desired reps per side.
f461ad5b-ab7e-4a8e-96f4-ab0b5e08d785,core,abs/obliques,beginner,,The bicycle crunch is a rotational ab exercise that targets both the rectus abdominis and the obliques simultaneously by combining a crunch with alternating knee drives and torso rotation.,2026-05-13T00:00:00.000000+00:00,Bicycle Crunch,Crunch bicicleta,bodyweight,home,False,rotation,,bicycle-crunch,Lie on your back with hands behind your head and knees bent at 90 degrees in the air. Lift your shoulders off the floor. Bring your right knee toward your chest while rotating your left shoulder toward it. Simultaneously extend your left leg. Switch sides in a continuous pedaling motion. Breathe steadily and avoid pulling on your neck.
41ace0b2-c4b2-44d7-aad3-b59e49a2eda1,core,lower abs/hip flexors,beginner,,The floor leg raise targets the lower abs and hip flexors by raising straight legs from the floor. The long lever arm makes it more demanding than knee raises.,2026-05-13T00:00:00.000000+00:00,Leg Raise,Elevación de piernas en suelo,bodyweight,home,False,spinal_flexion,,leg-raise,Lie flat on your back with hands under your glutes for support or at your sides. Keep legs straight and together. Raise your legs until they are perpendicular to the floor or as high as possible. Slowly lower them back toward the floor without touching. Repeat for desired reps.
c2ad2eb8-8b7e-4556-aae1-825ea2f57608,cardio,full body/cardio,beginner,,The jumping jack is a classic full-body cardio exercise that simultaneously abducts the arms and legs then returns them. It elevates heart rate quickly and improves cardiovascular endurance.,2026-05-13T00:00:00.000000+00:00,Jumping Jack,Salto tijera,bodyweight,home,True,cardio,,jumping-jack,Stand with feet together and arms at your sides. Jump and simultaneously spread your feet wider than shoulder-width while raising your arms above your head. Jump again to return to the starting position with feet together and arms at your sides. Repeat at a brisk pace for desired reps or time.
4161994c-bcb9-4900-ab27-46f4575850ee,cardio,hip flexors/quads/cardio,beginner,,"High knees are a running-in-place drill that elevates the heart rate and targets the hip flexors, quads, and core. The exaggerated knee lift develops running mechanics and cardiovascular fitness.",2026-05-13T00:00:00.000000+00:00,High Knees,Rodillas altas,bodyweight,home,True,cardio,,high-knees,Stand with feet hip-width apart. Drive one knee up toward your chest as high as possible while simultaneously hopping on the other foot. Pump your arms in opposition with your legs. Alternate legs at a fast pace. Keep your core engaged and maintain an upright posture. Perform for desired time or reps.
a25e5724-3d3a-4998-9d77-a969ce51f03d,cardio/legs,glutes/quads/calves,intermediate,,"The skater jump is a plyometric lateral movement that mimics a speed skater's stride. It develops lateral power, hip stability, and single-leg strength while elevating cardiovascular demand.",2026-05-13T00:00:00.000000+00:00,Skater Jump,Salto lateral patinador,bodyweight,home,True,lateral,,skater-jump,"Start in a slight squat on your right leg. Jump laterally to the left and land softly on your left foot, allowing your right leg to swing behind. Immediately push off the left foot and jump back to the right. Reach toward the landing foot with the opposite hand each time. Maintain a low athletic position throughout."
144d9984-2666-43ed-9db4-8fa2b62a20d8,full body/cardio,shoulders/core/quads,beginner,,"The bear crawl is a full-body movement where you crawl on all fours with knees hovering just above the floor. It develops core stability, shoulder strength, and cardiovascular conditioning simultaneously.",2026-05-13T00:00:00.000000+00:00,Bear Crawl,Gato caminando,bodyweight,home,True,locomotion,,bear-crawl,"Start on all fours with hands under shoulders and knees under hips. Lift your knees one inch off the floor. Move forward by simultaneously moving your right hand and left foot, then your left hand and right foot. Keep your hips low and core engaged. Avoid letting your hips rise or rotate. Crawl for desired distance or time."
4fdd20b7-a74e-4566-b571-a9bb861eb9bc,full body/mobility,hamstrings/core/shoulders,beginner,,The inchworm is a dynamic mobility and warm-up exercise that stretches the hamstrings while simultaneously engaging the shoulders and core. It prepares the body for training.,2026-05-13T00:00:00.000000+00:00,Inchworm,Oruga,bodyweight,home,True,mobility,,inchworm,Stand with feet hip-width apart. Hinge at the hips and place your hands on the floor. Walk your hands forward until you reach a plank position. Perform a push-up (optional). Walk your feet toward your hands by taking small steps until you feel a hamstring stretch. Return to standing. Repeat for desired reps.
ba1b5f53-0223-469f-a768-1f46a58fd02f,stretching,hamstrings/lower back,beginner,,The standing toe touch stretch targets the hamstrings and lower back through a forward bend. It improves posterior chain flexibility and is a common warm-up or cool-down movement.,2026-05-13T00:00:00.000000+00:00,Toe Touch Stretch,Estiramiento de isquiotibiales de pie,bodyweight,home,False,flexibility,,toe-touch-stretch,"Stand with feet hip-width apart and legs straight. Hinge at the hips and reach your hands toward the floor or your toes. Allow your upper body to hang and breathe into the stretch. For a deeper stretch, round your back slightly and relax your neck. Hold for 20-30 seconds. Slowly roll back up to standing."
f5ec3bd6-eadc-4115-8051-fd72ea7097a3,stretching,hip flexors/quads,beginner,,The hip flexor stretch targets the iliopsoas and rectus femoris by placing the hip in extension. It counteracts the tightness caused by prolonged sitting and improves posture.,2026-05-13T00:00:00.000000+00:00,Hip Flexor Stretch,Estiramiento de flexor de cadera,bodyweight,home,False,flexibility,,hip-flexor-stretch,"Kneel on one knee with the other foot forward in a lunge position. Keeping your back straight, shift your hips forward gently until you feel a stretch at the front of the back leg's hip. Squeeze the back glute to intensify the stretch. Hold 20-30 seconds. Switch sides."
f4311b77-afc1-4e95-9285-fe734ad67008,stretching,chest/front delts/biceps,beginner,,"The chest opener stretch counters the rounded posture from pressing exercises and desk work by stretching the pectorals, anterior deltoids, and biceps through shoulder retraction and extension.",2026-05-13T00:00:00.000000+00:00,Chest Opener Stretch,Apertura de pecho,bodyweight,home,False,flexibility,,chest-opener-stretch,Stand or sit tall. Clasp your hands behind your back with arms extended. Gently squeeze your shoulder blades together and lift your hands away from your body while opening your chest toward the ceiling. Hold 20-30 seconds. Release and repeat.
5aabaf00-6479-41cd-b776-9db436bdcc40,stretching,rear delts/rotator cuff,beginner,,The shoulder cross-body stretch targets the posterior deltoid and rotator cuff by pulling the arm across the body. It is essential after pressing and pulling exercises for shoulder recovery.,2026-05-13T00:00:00.000000+00:00,Shoulder Cross-Body Stretch,Estiramiento de hombro cruzado,bodyweight,home,False,flexibility,,shoulder-cross-body-stretch,Stand tall and bring one arm straight across your chest at shoulder height. Use your other arm to gently press it closer to your chest. Feel the stretch in the back of the shoulder and upper arm. Hold 20-30 seconds. Switch arms.
ec8879e3-2980-42d6-ac86-aa3ed6ed7cee,stretching,quads/hip flexors,beginner,,The standing quadriceps stretch targets the rectus femoris and hip flexors by bending the knee and pulling the foot toward the glutes while standing. Essential for leg day recovery.,2026-05-13T00:00:00.000000+00:00,Quadriceps Stretch Standing,Estiramiento de cuádriceps de pie,bodyweight,home,False,flexibility,,quadriceps-stretch-standing,"Stand on one leg and bend the other knee, bringing your foot behind you toward your glutes. Hold your ankle with the same-side hand. Keep your knees together and stand tall. Hold 20-30 seconds. Switch legs. Use a wall for balance if needed."
06f72a2c-641e-4847-8398-4197029d87d4,stretching,lats/lower back/glutes,beginner,,"Child's pose is a restful yoga position that gently stretches the lats, lower back, glutes, and hip flexors. It is used as a recovery position and cool-down stretch.",2026-05-13T00:00:00.000000+00:00,Child's Pose,Postura del niño,bodyweight,home,False,flexibility,,childs-pose,Kneel on the floor and sit your hips back onto your heels. Extend your arms forward on the floor and lower your forehead to the mat. Walk your hands forward to deepen the lat stretch. Breathe deeply into your lower back. Hold 30-60 seconds.
d49401d4-6cc9-4a98-a84f-585370b049dd,stretching,spine/lower back/abs,beginner,,The cat-cow stretch is a flowing spinal mobility exercise that alternates between spinal flexion (cat) and extension (cow). It mobilizes the entire spine and is ideal as a warm-up or cool-down.,2026-05-13T00:00:00.000000+00:00,Cat-Cow Stretch,Estiramiento gato-vaca,bodyweight,home,False,flexibility,,cat-cow-stretch,"Start in tabletop position on hands and knees. Inhale into Cow: drop your belly toward the floor, lift your chest and chin, let your tailbone rise. Exhale into Cat: round your spine upward, tuck your chin to your chest, tuck your tailbone under. Alternate slowly for 8-12 cycles, syncing breath with movement."
8f820835-5a31-4a3d-8ae9-2482660f9ee5,stretching,glutes/hip external rotators/hip flexors,beginner,,"The pigeon pose is a deep hip stretch that targets the piriformis, glutes, and hip external rotators. It is especially beneficial after leg workouts and for those with tight hips from sitting.",2026-05-13T00:00:00.000000+00:00,Pigeon Pose,Postura de la paloma,bodyweight,home,False,flexibility,,pigeon-pose,"From a push-up position, bring one knee forward and place it behind your wrist with the foot toward the opposite hip. Extend the back leg behind you. Lower your hips toward the floor. Walk your hands forward and lower your chest toward the floor for a deeper stretch. Hold 30-60 seconds. Switch sides."
470ac662-5245-4948-a877-4a2c9a8c8d7b,stretching,neck/traps,beginner,,The neck side stretch gently lengthens the sternocleidomastoid and upper trapezius muscles on one side of the neck. It relieves tension from overhead pressing and poor posture.,2026-05-13T00:00:00.000000+00:00,Neck Side Stretch,Estiramiento lateral de cuello,bodyweight,home,False,flexibility,,neck-side-stretch,"Sit or stand tall. Tilt your right ear toward your right shoulder while keeping your left shoulder pressed down. For a deeper stretch, place your right hand gently on your head for slight overpressure. Hold 20-30 seconds. Switch sides."
ef5398fd-5b5b-4b56-86ac-8f1a5baf4568,stretching,forearms/wrist flexors,beginner,,The wrist flexor stretch targets the forearm flexors that are stressed during pulling and gripping exercises. It helps prevent tendinitis and carpal tunnel symptoms.,2026-05-13T00:00:00.000000+00:00,Wrist Flexor Stretch,Estiramiento de flexores de muñeca,bodyweight,home,False,flexibility,,wrist-flexor-stretch,Extend one arm in front of you with palm facing up. Use your other hand to gently bend your wrist down so your fingers point toward the floor. Apply gentle pressure to deepen the stretch. Hold 20-30 seconds. Switch hands.
79697de7-0d84-456d-a2e4-1fc377e751fc,shoulders,rear delts,beginner,,"The band pull-apart is a foundational rear delt and upper back exercise that requires only a resistance band. It directly counteracts the forward shoulder posture caused by excessive pushing movements, making it essential for any home or calisthenics training program.",2026-06-06T00:00:00.000000+00:00,Band Pull-Apart,Apertura con banda,resistance band,home,false,horizontal_pull,Keep arms straight throughout. Squeeze shoulder blades together at the end of each rep. Start with a light band and focus on form.,band-pull-apart,"Hold a resistance band with both hands at shoulder height, arms extended in front of you. With straight arms, pull the band apart by moving both hands outward to your sides. Squeeze your shoulder blades together at the end range. Slowly return to start. Perform 3x15-20 reps."
86fde33d-ac1b-49cc-b755-8ba0e50e2961,shoulders,rear delts,beginner,,"The Prone Y-T-W is a floor-based rear delt and lower trapezius exercise performed lying face down. It targets the muscles most commonly weakened by desk posture and excessive pressing: posterior deltoids, lower trapezius, and rhomboids.",2026-06-06T00:00:00.000000+00:00,Prone Y-T-W,Y-T-W en prono,bodyweight,home,false,shoulder_stability,Move slowly and with control. Thumbs point up throughout. Keep the neck neutral — do not crane it upward. Each letter is a distinct position held for 2 seconds.,prone-y-t-w,"Lie face down on the floor with arms extended. For Y: raise arms at 45° angle above head, thumbs up. Hold 2 sec. For T: raise arms straight out to the sides. Hold 2 sec. For W: bend elbows to 90° and raise them like goal posts. Hold 2 sec. Lower between each letter. Perform 2-3 sets of 8-10 reps per letter."
69cb3bcf-cf55-4f0d-a596-4cb46c271c7f,shoulders,rear delts/upper back,beginner,,"The scapular rear delt row uses a towel anchored in a door to replicate a horizontal row with a rear delt emphasis. It fills the gap left by Face Pull for home environments, training the posterior deltoid and rhomboids with no equipment other than a towel.",2026-06-06T00:00:00.000000+00:00,Scapular Rear Delt Row,Remo escapular para deltoides posterior,towel,home,false,horizontal_pull,Elbows flare out — this is intentional and different from standard rows. The wide elbow position maximizes rear delt activation. Keep core tight.,scapular-rear-delt-row,"Anchor a towel in a door at chest height. Hold each end, lean back with arms extended. Pull yourself in by driving elbows out wide to the sides (not back). Squeeze shoulder blades at the top. Slowly return. Adjust foot position to control difficulty. Perform 3x12-15."
4cf809dc-c53b-44c3-9ae9-13f68ca1d641,shoulders,traps,beginner,,"The dumbbell shrug is the most direct upper trapezius exercise. Despite its simplicity, it is one of the most commonly omitted exercises in beginner programs, leading to trapezius weakness and the characteristic rounded-shoulder posture.",2026-06-06T00:00:00.000000+00:00,Dumbbell Shrug,Encogimiento con mancuernas,dumbbells,gym,false,scapular_elevation,Do not roll the shoulders — straight up and down only. Hold at the top for 1-2 seconds. Use a weight that allows full elevation without forward lean.,dumbbell-shrug,Stand holding dumbbells at your sides with a neutral grip. Keep arms straight. Elevate your shoulders straight up toward your ears as high as possible. Hold for 1-2 seconds at the top. Lower slowly back to start. Perform 3-4 sets of 12-15 reps.
8d507ffd-8c07-4dce-be63-30c13ead51e0,shoulders,traps,beginner,,"The barbell shrug allows heavier loading than dumbbell shrugs, making it the primary choice for upper trapezius hypertrophy. It is particularly important for users performing heavy overhead pressing and pull-up variations.",2026-06-06T00:00:00.000000+00:00,Barbell Shrug,Encogimiento con barra,barbell,gym,false,scapular_elevation,Use straps if grip fails before traps. No rolling motion — pure vertical shrug. Keep the bar close to your legs. A slight forward lean is acceptable with heavy weight.,barbell-shrug,"Stand with feet shoulder-width apart, holding a barbell with an overhand grip in front of your thighs. Keep arms straight. Shrug shoulders straight up toward your ears. Hold at the top for 1 second. Lower back to the starting position under control. Perform 4 sets of 10-12 reps."
8cd23dce-89d5-4ca8-967b-efb230e12acd,shoulders,lower traps,intermediate,,"The trap 3 raise (also called lower trap raise) is a floor-based exercise targeting the lower trapezius — one of the most underactivated muscles in the upper body. Lower trap weakness leads to winging scapulae, impingement risk, and poor shoulder stability in overhead movements.",2026-06-06T00:00:00.000000+00:00,Trap 3 Raise,Elevación de trapecio inferior,bodyweight,home,false,shoulder_stability,Keep the elbow straight. The thumb points up. Movement should come purely from the shoulder blade depressing and retracting — not from swinging the arm. Start without weight.,trap-3-raise,Lie face down on an inclined surface or flat floor. Extend one arm at a 135° angle from your torso (Y position). Thumb pointing up. Raise the arm by depressing and retracting the shoulder blade — not by lifting with the arm. Hold 2-3 seconds at top. Lower slowly. Perform 3x10 per side.
82b32799-491e-49f8-b53c-a8be39393b8b,legs/glutes,glutes medius,beginner,,"The clamshell is the foundational glute medius exercise. Performed lying on your side with knees bent, it isolates the glute medius and external hip rotators — the muscles that prevent knee valgus (collapse) in squats and lunges. Essential for beginners and as a warm-up for all lower body training.",2026-06-06T00:00:00.000000+00:00,Clamshell,Almeja,bodyweight,home,false,hip_abduction,Keep the pelvis completely still — do not rotate the hip back to lift higher. The range of motion is intentionally small. Add a resistance band above the knees for progression.,clamshell,"Lie on your side with hips and knees bent at 45°. Stack your legs. Keeping feet together, rotate your top knee upward like a clamshell opening. Keep the pelvis still. Hold at the top for 1 second. Lower slowly. Perform 3x15-20 per side."
842a68cd-5def-4e3f-a909-a702b890124d,legs/glutes,glutes medius,beginner,,"Side-lying hip abduction is a direct glute medius strengthening exercise requiring no equipment. It trains the hip in the frontal plane, which is neglected by most squat and lunge patterns. Critical for knee stability and hip alignment.",2026-06-06T00:00:00.000000+00:00,Side-Lying Hip Abduction,Abducción de cadera en decúbito lateral,bodyweight,home,false,hip_abduction,"Keep the top leg straight throughout. Foot flexed, toes pointing forward — not up. Do not let the hip roll backward. Add an ankle weight for progression.",side-lying-hip-abduction,"Lie on your side with body in a straight line, bottom knee slightly bent for support. Keep the top leg straight with foot flexed. Lift the top leg to approximately 45°, keeping toes pointing forward. Hold 1 second at the top. Lower slowly. Perform 3x15-20 per side."
55548271-095a-4e03-9e40-d870fce0bdb2,legs/glutes,glutes medius,beginner,,"The lateral band walk trains the glute medius dynamically, making it more sport-specific and functionally relevant than static exercises. It activates the glute medius through the full gait cycle and is particularly valuable as a warm-up before squats, lunges, or any lower body session.",2026-06-06T00:00:00.000000+00:00,Lateral Band Walk,Marcha lateral con banda,resistance band,home,false,hip_abduction,"Keep a slight squat position throughout — do not stand fully upright between steps. Steps should be controlled, not bouncy. Keep feet parallel, toes forward. The band goes just above the knees.",lateral-band-walk,"Place a resistance band just above your knees. Stand with feet shoulder-width apart in a slight squat position. Step sideways with your right foot, then follow with your left, maintaining tension in the band throughout. Keep the core tight and torso upright. Take 10-15 steps in each direction for 3 sets."
dc8c98a7-7c8c-4d95-bf7f-074561d79453,chest/shoulders,serratus anterior,beginner,,"The serratus push-up (also called scapular push-up) specifically targets the serratus anterior — the muscle responsible for scapular protraction and upward rotation. It is the foundation for all calisthenics skills requiring shoulder stability: handstands, planche progressions, and dips. Often missing from beginner programs despite being essential for shoulder health.",2026-06-06T00:00:00.000000+00:00,Serratus Push-Up,Flexión de serrato,bodyweight,calisthenics,false,scapular_protraction,"The range of motion is very small — only 2-3 cm of scapular movement. Focus on the sensation of pushing the floor away at the very top of a regular push-up position. Do not bend the elbows. This is a scapular exercise, not an arm exercise.",serratus-push-up,"Start in the top push-up position with arms fully extended. Without bending the elbows, push the floor away by rounding your upper back and allowing the shoulder blades to spread wide (protract). Hold 2 seconds at the top. Lower by letting the shoulder blades come together (retract). Keep the core engaged throughout. Perform 3x12-15."
e9359a75-b172-4739-82c9-96af2d08a864,full body/mobility,thoracic spine/rotators,beginner,,"Thoracic rotation in quadruped is an active mobility drill that restores rotational range of motion in the thoracic spine — the segment most commonly stiff in desk workers and gym users. Limited thoracic rotation forces compensation at the lumbar spine and shoulders, causing back pain and impingement. This exercise directly addresses that pattern.",2026-06-06T00:00:00.000000+00:00,Thoracic Rotation,Rotación torácica,bodyweight,home,false,spinal_rotation,"Keep the hips still — only the thoracic spine rotates. Place a hand behind the head and rotate the elbow toward the ceiling. The goal is to feel a stretch in the mid-back, not the lower back. Move slowly and breathe into the rotation.",thoracic-rotation,"Start on all fours with hands under shoulders and knees under hips. Place one hand behind your head. Rotate your upper body, bringing that elbow toward the floor first (under the torso), then rotate upward to reach the elbow toward the ceiling. Follow the elbow with your eyes. Keep hips square and still. Perform 10 rotations per side for 2-3 sets."
bd7110d6-c2db-4d91-93a5-6605088f540b,full body/mobility,thoracic spine/chest,beginner,,"The open book stretch is a supine thoracic mobility exercise that combines thoracic rotation with chest opening. It is one of the most effective exercises for reversing rounded shoulder posture and improving thoracic extension simultaneously, making it ideal as part of any warm-up or cool-down.",2026-06-06T00:00:00.000000+00:00,Open Book Stretch,Estiramiento libro abierto,bodyweight,home,false,spinal_rotation,Let gravity do most of the work on the rotating arm. Keep the knees stacked together throughout — do not let them separate. Breathe deeply into the stretch and try to add a bit more range with each exhale.,open-book-stretch,"Lie on your side with knees stacked and bent at 90°. Extend both arms in front of you at shoulder height. Keeping the knees together and lower hand on the floor, slowly rotate the top arm open across your body toward the floor on the other side, following it with your eyes and head. Hold 2-3 seconds. Return to start. Perform 8-10 reps per side."
68453aeb-ab6b-48fd-ba9d-6a08f505c135,legs,hamstrings,intermediate,,The Nordic curl is the gold standard for eccentric hamstring strengthening and injury prevention. It targets the long head of the biceps femoris through its full eccentric range — the portion of hamstring function most associated with strains and tears. Consistently included in athletic performance and physical therapy programs but absent from most fitness app libraries.,2026-06-06T00:00:00.000000+00:00,Nordic Curl,Curl nórdico,bodyweight,calisthenics,false,knee_flexion_eccentric,This exercise is extremely challenging. Start with the assisted version: use hands to push back up from the floor. Full Nordic curls require significant hamstring strength. Lower as slowly as possible — the eccentric phase is the entire point of the exercise. Anchor feet under a sturdy object or have a partner hold your ankles.,nordic-curl,"Kneel on a padded surface with your feet anchored under a stable object or held by a partner. Keep your body in a straight line from knees to head. With hands ready to catch yourself, slowly lower your torso toward the floor by allowing the knees to extend — fight gravity with your hamstrings the entire way down. When you can no longer control the descent, use your hands to catch yourself and push back to the start. Perform 3x4-6 reps."
